INDEX:1000:<ulong>,origin_z:1000:<float>,intersect_x:1000:<float>,intersect_y:1000:<float>,idx_x:1000:<float>,idx_y:1000:<float>,value:1000:<float>,time:1000:<float>,gt_intersect_x:1000:<float>,gt_intersect_y:1000:<float>
0,-50,280,-50,56,0,122.40940094,0,100,-50
1,-49.9000015259,280,-50,56,0,122.40940094,0,99.8429336548,-49.9997520447
2,-49.7999992371,280,-50,56,0,122.40940094,0,99.685836792,-49.9990119934
3,-49.7000007629,280,-50,56,0,122.40940094,0,99.5287704468,-49.9977798462
4,-49.5999984741,280,-50,56,0,122.40940094,0,99.3716888428,-49.9960517883
5,-49.5,280,-50,56,0,122.40940094,0,99.2146377563,-49.9938316345
6,-49.4000015259,280,-50,56,0,122.40940094,0,99.0575866699,-49.9911193848
7,-49.2999992371,280,-50,56,0,122.40940094,0,98.9005279541,-49.9879074097
8,-49.2000007629,280,-50,56,0,122.40940094,0,98.7434997559,-49.984210968
9,-49.0999984741,280,-50,56,0,122.40940094,0,98.5864639282,-49.980014801
10,-49,280,-50,56,0,122.40940094,0,98.4294586182,-49.9753265381
11,-48.9000015259,280,-50,56,0,122.40940094,0,98.2724761963,-49.9701461792
12,-48.7999992371,280,-50,56,0,122.40940094,0,98.115486145,-49.9644737244
13,-48.7000007629,280,-50,56,0,122.40940094,0,97.9585342407,-49.9583053589
14,-48.5999984741,280,-50,56,0,122.40940094,0,97.8015823364,-49.9516448975
15,-48.5,280,-50,56,0,122.40940094,0,97.6446762085,-49.9444923401
16,-48.4000015259,280,-50,56,0,122.40940094,0,97.4877929688,-49.9368476868
17,-48.2999992371,280,-50,56,0,122.40940094,0,97.330909729,-49.9287109375
18,-48.2000007629,280,-50,56,0,122.40940094,0,97.174079895,-49.9200782776
19,-48.0999984741,280,-50,56,0,122.40940094,0,97.017250061,-49.9109535217
20,-48,280,-50,56,0,122.40940094,0,96.8604736328,-49.9013366699
21,-47.9000015259,280,-50,56,0,122.40940094,0,96.7037277222,-49.8912277222
22,-47.7999992371,280,-50,56,0,122.40940094,0,96.5469894409,-49.8806228638
23,-47.7000007629,280,-50,56,0,122.40940094,0,96.3903121948,-49.8695297241
24,-47.5999984741,280,-50,56,0,122.40940094,0,96.2336502075,-49.8579444885
25,-47.5,280,-50,56,0,122.40940094,0,96.077041626,-49.845867157
26,-47.4000015259,280,-50,56,0,122.40940094,0,95.9204788208,-49.8332977295
27,-47.2999992371,280,-50,56,0,122.40940094,0,95.7639312744,-49.8202323914
28,-47.2000007629,280,-50,56,0,122.40940094,0,95.6074447632,-49.8066825867
29,-47.0999984741,280,-50,56,0,122.40940094,0,95.4509811401,-49.7926368713
30,-47,280,-50,56,0,122.40940094,0,95.2945861816,-49.7780990601
31,-46.9000015259,280,-50,56,0,122.40940094,0,95.1382369995,-49.7630729675
32,-46.7999992371,280,-50,56,0,122.40940094,0,94.9819107056,-49.7475509644
33,-46.7000007629,280,-50,56,0,122.40940094,0,94.8256530762,-49.7315406799
34,-46.5999984741,280,-50,56,0,122.40940094,0,94.6694335938,-49.7150382996
35,-46.5,280,-50,56,0,122.40940094,0,94.5132827759,-49.6980476379
36,-46.4000015259,280,-50,56,0,122.40940094,0,94.3571853638,-49.6805648804
37,-46.2999992371,280,-50,56,0,122.40940094,0,94.2011260986,-49.6625938416
38,-46.2000007629,280,-50,56,0,122.40940094,0,94.0451431274,-49.6441307068
39,-46.0999984741,280,-50,56,0,122.40940094,0,93.8892211914,-49.6251792908
40,-46,280,-50,56,0,122.40940094,0,93.7333374023,-49.6057357788
41,-45.9000015259,280,-50,56,0,122.40940094,0,93.5775375366,-49.5858039856
42,-45.7999992371,280,-50,56,0,122.40940094,0,93.4217758179,-49.5653800964
43,-45.7000007629,280,-50,56,0,122.40940094,0,93.2661056519,-49.5444717407
44,-45.5999984741,280,-50,56,0,122.40940094,0,93.110496521,-49.5230751038
45,-45.5,280,-50,56,0,122.40940094,0,92.9549331665,-49.5011825562
46,-45.4000015259,280,-50,56,0,122.40940094,0,92.7994689941,-49.4788093567
47,-45.2999992371,280,-50,56,0,122.40940094,0,92.6440505981,-49.4559402466
48,-45.2000007629,280,-50,56,0,122.40940094,0,92.4887237549,-49.4325866699
49,-45.0999984741,280,-50,56,0,122.40940094,0,92.3334732056,-49.4087486267
50,-45,80,-45,16,0,-0.755710601807,16,92.178276062,-49.3844146729
51,-44.9000015259,80,-45,16,0,-0.755710601807,16,92.0231781006,-49.3596000671
52,-44.7999992371,80,-45,16,0,-0.755710601807,16,91.8681335449,-49.3342971802
53,-44.7000007629,80,-45,16,0,-0.755710601807,16,91.7131958008,-49.308506012
54,-44.5999984741,80,-45,16,0,-0.755710601807,16,91.55834198,-49.2822303772
55,-44.5,80,-45,16,0,-0.755710601807,16,91.4035415649,-49.2554664612
56,-44.4000015259,80,-45,16,0,-0.755710601807,16,91.2488555908,-49.2282180786
57,-44.2999992371,80,-45,16,0,-0.755710601807,16,91.0942306519,-49.2004814148
58,-44.2000007629,80,-45,16,0,-0.755710601807,16,90.9397125244,-49.1722602844
59,-44.0999984741,80,-45,16,0,-0.755710601807,16,90.7852859497,-49.1435546875
60,-44,80,-45,16,0,-0.755710601807,16,90.6309280396,-49.1143608093
61,-43.9000015259,80,-45,16,0,-0.755710601807,16,90.4766921997,-49.0846862793
62,-43.7999992371,80,-45,16,0,-0.755710601807,16,90.322517395,-49.054523468
63,-43.7000007629,80,-45,16,0,-0.755710601807,16,90.1684646606,-49.0238800049
64,-43.5999984741,80,-45,16,0,-0.755710601807,16,90.0145111084,-48.9927558899
65,-43.5,80,-45,16,0,-0.755710601807,16,89.8606338501,-48.961139679
66,-43.4000015259,80,-45,16,0,-0.755710601807,16,89.7068786621,-48.9290466309
67,-43.2999992371,80,-45,16,0,-0.755710601807,16,89.5531997681,-48.8964653015
68,-43.2000007629,80,-45,16,0,-0.755710601807,16,89.3996429443,-48.8634033203
69,-43.0999984741,80,-45,16,0,-0.755710601807,16,89.2462005615,-48.829864502
70,-43,80,-45,16,0,-0.755710601807,16,89.0928344727,-48.7958374023
71,-42.9000015259,80,-45,16,0,-0.755710601807,16,88.9395980835,-48.7613334656
72,-42.7999992371,80,-45,16,0,-0.755710601807,16,88.7864532471,-48.7263412476
73,-42.7000007629,80,-45,16,0,-0.755710601807,16,88.6334381104,-48.6908760071
74,-42.5999984741,80,-45,16,0,-0.755710601807,16,88.4805374146,-48.6549301147
75,-42.5,80,-45,16,0,-0.755710601807,16,88.3277282715,-48.6184959412
76,-42.4000015259,80,-45,16,0,-0.755710601807,16,88.1750564575,-48.5815887451
77,-42.2999992371,80,-45,16,0,-0.755710601807,16,88.0224761963,-48.5441970825
78,-42.2000007629,80,-45,16,0,-0.755710601807,16,87.8700408936,-48.5063285828
79,-42.0999984741,80,-45,16,0,-0.755710601807,16,87.7177200317,-48.4679832458
80,-42,80,-45,16,0,-0.755710601807,16,87.5654983521,-48.4291572571
81,-41.9000015259,80,-45,16,0,-0.755710601807,16,87.4134292603,-48.3898544312
82,-41.7999992371,80,-45,16,0,-0.755710601807,16,87.2614517212,-48.3500709534
83,-41.7000007629,80,-45,16,0,-0.755710601807,16,87.1096343994,-48.3098182678
84,-41.5999984741,80,-45,16,0,-0.755710601807,16,86.9579315186,-48.2690849304
85,-41.5,80,-45,16,0,-0.755710601807,16,86.8063430786,-48.2278709412
86,-41.4000015259,80,-45,16,0,-0.755710601807,16,86.6549072266,-48.1861877441
87,-41.2999992371,80,-45,16,0,-0.755710601807,16,86.503578186,-48.1440200806
88,-41.2000007629,80,-45,16,0,-0.755710601807,16,86.3524017334,-48.1013832092
89,-41.0999984741,80,-45,16,0,-0.755710601807,16,86.2013626099,-48.0582733154
90,-41,80,-45,16,0,-0.755710601807,16,86.0504379272,-48.0146827698
91,-40.9000015259,80,-45,16,0,-0.755710601807,16,85.8996734619,-47.9706268311
92,-40.7999992371,80,-45,16,0,-0.755710601807,16,85.7490463257,-47.9260940552
93,-40.7000007629,80,-45,16,0,-0.755710601807,16,85.5985412598,-47.8810806274
94,-40.5999984741,80,-45,16,0,-0.755710601807,16,85.4481964111,-47.8356056213
95,-40.5,80,-45,16,0,-0.755710601807,16,85.2979812622,-47.7896499634
96,-40.4000015259,80,-45,16,0,-0.755710601807,16,85.1479263306,-47.7432289124
97,-40.2999992371,80,-45,16,0,-0.755710601807,16,84.9980163574,-47.6963386536
98,-40.2000007629,80,-45,16,0,-0.755710601807,16,84.848236084,-47.6489677429
99,-40.0999984741,80,-45,16,0,-0.755710601807,16,84.6986236572,-47.6011352539
100,-40,75,-40,15,0,-2.83009529114,15,84.5491485596,-47.5528259277
101,-39.9000015259,75,-40,15,0,-2.83009529114,15,84.3998413086,-47.5040512085
102,-39.7999992371,75,-40,15,0,-2.83009529114,15,84.2506866455,-47.4548110962
103,-39.7000007629,75,-40,15,0,-2.83009529114,15,84.1016693115,-47.4050941467
104,-39.5999984741,75,-40,15,0,-2.83009529114,15,83.9528274536,-47.3549194336
105,-39.5,75,-40,15,0,-2.83009529114,15,83.8041229248,-47.3042678833
106,-39.4000015259,75,-40,15,0,-2.83009529114,15,83.6556015015,-47.2531547546
107,-39.2999992371,75,-40,15,0,-2.83009529114,15,83.5072402954,-47.2015762329
108,-39.2000007629,75,-40,15,0,-2.83009529114,15,83.3590240479,-47.1495285034
109,-39.0999984741,75,-40,15,0,-2.83009529114,15,83.2109909058,-47.0970191956
110,-39,75,-40,15,0,-2.83009529114,15,83.0630950928,-47.0440368652
111,-38.9000015259,75,-40,15,0,-2.83009529114,15,82.915397644,-46.9905967712
112,-38.7999992371,75,-40,15,0,-2.83009529114,15,82.767868042,-46.9366950989
113,-38.7000007629,75,-40,15,0,-2.83009529114,15,82.6204833984,-46.8823242188
114,-38.5999984741,75,-40,15,0,-2.83009529114,15,82.4732894897,-46.8274993896
115,-38.5,75,-40,15,0,-2.83009529114,15,82.3262481689,-46.7722015381
116,-38.4000015259,75,-40,15,0,-2.83009529114,15,82.1794128418,-46.7164497375
117,-38.2999992371,75,-40,15,0,-2.83009529114,15,82.0327453613,-46.6602363586
118,-38.2000007629,75,-40,15,0,-2.83009529114,15,81.8862304688,-46.603553772
119,-38.0999984741,75,-40,15,0,-2.83009529114,15,81.7399215698,-46.5464248657
120,-38,75,-40,15,0,-2.83009529114,15,81.5937652588,-46.488822937
121,-37.9000015259,75,-40,15,0,-2.83009529114,15,81.4478149414,-46.430770874
122,-37.7999992371,75,-40,15,0,-2.83009529114,15,81.3020477295,-46.3722610474
123,-37.7000007629,75,-40,15,0,-2.83009529114,15,81.1564483643,-46.3132858276
124,-37.5999984741,75,-40,15,0,-2.83009529114,15,81.0110473633,-46.2538642883
125,-37.5,75,-40,15,0,-2.83009529114,15,80.8658218384,-46.1939735413
126,-37.4000015259,75,-40,15,0,-2.83009529114,15,80.7208023071,-46.1336364746
127,-37.2999992371,75,-40,15,0,-2.83009529114,15,80.5759735107,-46.072845459
128,-37.2000007629,75,-40,15,0,-2.83009529114,15,80.431312561,-46.0115890503
129,-37.0999984741,75,-40,15,0,-2.83009529114,15,80.2868728638,-45.9498901367
130,-37,75,-40,15,0,-2.83009529114,15,80.1426010132,-45.8877296448
131,-36.9000015259,75,-40,15,0,-2.83009529114,15,79.9985427856,-45.8251190186
132,-36.7999992371,75,-40,15,0,-2.83009529114,15,79.8546905518,-45.7620620728
133,-36.7000007629,75,-40,15,0,-2.83009529114,15,79.7110061646,-45.6985435486
134,-36.5999984741,75,-40,15,0,-2.83009529114,15,79.5675506592,-45.6345825195
135,-36.5,75,-40,15,0,-2.83009529114,15,79.4242782593,-45.5701637268
136,-36.4000015259,75,-40,15,0,-2.83009529114,15,79.2812194824,-45.5052986145
137,-36.2999992371,75,-40,15,0,-2.83009529114,15,79.1383743286,-45.4399871826
138,-36.2000007629,75,-40,15,0,-2.83009529114,15,78.9957122803,-45.3742218018
139,-36.0999984741,75,-40,15,0,-2.83009529114,15,78.8532714844,-45.3080101013
140,-36,75,-40,15,0,-2.83009529114,15,78.7110290527,-45.2413482666
141,-35.9000015259,75,-40,15,0,-2.83009529114,15,78.5690078735,-45.1742515564
142,-35.7999992371,75,-40,15,0,-2.83009529114,15,78.4272079468,-45.1067047119
143,-35.7000007629,75,-40,15,0,-2.83009529114,15,78.2855911255,-45.0387001038
144,-35.5999984741,75,-40,15,0,-2.83009529114,15,78.1442184448,-44.9702644348
145,-35.5,75,-40,15,0,-2.83009529114,15,78.003036499,-44.9013748169
146,-35.4000015259,75,-40,15,0,-2.83009529114,15,77.8620910645,-44.8320503235
147,-35.2999992371,75,-40,15,0,-2.83009529114,15,77.7213668823,-44.7622871399
148,-35.2000007629,75,-40,15,0,-2.83009529114,15,77.5808334351,-44.6920700073
149,-35.0999984741,75,-40,15,0,-2.83009529114,15,77.4405517578,-44.621421814
150,-35,65,-35,13,0,-0.502524375916,13,77.3004684448,-44.5503234863
151,-34.9000015259,65,-35,13,0,-0.502524375916,13,77.1606292725,-44.4787940979
152,-34.7999992371,65,-35,13,0,-0.502524375916,13,77.0210189819,-44.406829834
153,-34.7000007629,65,-35,13,0,-0.502524375916,13,76.8816070557,-44.3344116211
154,-34.5999984741,65,-35,13,0,-0.502524375916,13,76.7424545288,-44.2615699768
155,-34.5,65,-35,13,0,-0.502524375916,13,76.6035003662,-44.1882743835
156,-34.4000015259,65,-35,13,0,-0.502524375916,13,76.464805603,-44.1145629883
157,-34.2999992371,65,-35,13,0,-0.502524375916,13,76.3263397217,-44.0404129028
158,-34.2000007629,65,-35,13,0,-0.502524375916,13,76.1880874634,-43.9658126831
159,-34.0999984741,65,-35,13,0,-0.502524375916,13,76.0500869751,-43.8907928467
160,-34,65,-35,13,0,-0.502524375916,13,75.9123077393,-43.8153305054
161,-33.9000015259,65,-35,13,0,-0.502524375916,13,75.7747879028,-43.7394447327
162,-33.7999992371,65,-35,13,0,-0.502524375916,13,75.6375045776,-43.6631278992
163,-33.6999969482,65,-35,13,0,-0.502524375916,13,75.5004348755,-43.5863685608
164,-33.5999984741,65,-35,13,0,-0.502524375916,13,75.3636398315,-43.5091896057
165,-33.5,65,-35,13,0,-0.502524375916,13,75.2270584106,-43.4315719604
166,-33.4000015259,65,-35,13,0,-0.502524375916,13,75.0907440186,-43.3535346985
167,-33.2999992371,65,-35,13,0,-0.502524375916,13,74.9546737671,-43.2750701904
168,-33.1999969482,65,-35,13,0,-0.502524375916,13,74.8188323975,-43.1961669922
169,-33.0999984741,65,-35,13,0,-0.502524375916,13,74.683265686,-43.1168479919
170,-33,65,-35,13,0,-0.502524375916,13,74.5479202271,-43.0370941162
171,-32.9000015259,65,-35,13,0,-0.502524375916,13,74.4128494263,-42.9569282532
172,-32.7999992371,65,-35,13,0,-0.502524375916,13,74.2780303955,-42.876335144
173,-32.6999969482,65,-35,13,0,-0.502524375916,13,74.143447876,-42.7953109741
174,-32.5999984741,65,-35,13,0,-0.502524375916,13,74.0091323853,-42.7138748169
175,-32.5,65,-35,13,0,-0.502524375916,13,73.8750610352,-42.6319999695
176,-32.4000015259,65,-35,13,0,-0.502524375916,13,73.7412719727,-42.5497245789
177,-32.2999992371,65,-35,13,0,-0.502524375916,13,73.6077270508,-42.4670257568
178,-32.1999969482,65,-35,13,0,-0.502524375916,13,73.4744338989,-42.383895874
179,-32.0999984741,65,-35,13,0,-0.502524375916,13,73.3414230347,-42.3003578186
180,-32,65,-35,13,0,-0.502524375916,13,73.2086486816,-42.2163887024
181,-31.8999996185,65,-35,13,0,-0.502524375916,13,73.0761642456,-42.132019043
182,-31.7999992371,65,-35,13,0,-0.502524375916,13,72.9439468384,-42.0472335815
183,-31.6999988556,65,-35,13,0,-0.502524375916,13,72.8119735718,-41.9620170593
184,-31.6000003815,65,-35,13,0,-0.502524375916,13,72.6802825928,-41.8764038086
185,-31.5,65,-35,13,0,-0.502524375916,13,72.5488510132,-41.7903633118
186,-31.3999996185,65,-35,13,0,-0.502524375916,13,72.4177093506,-41.7039222717
187,-31.2999992371,65,-35,13,0,-0.502524375916,13,72.2868347168,-41.6170692444
188,-31.1999988556,65,-35,13,0,-0.502524375916,13,72.156211853,-41.5297927856
189,-31.1000003815,65,-35,13,0,-0.502524375916,13,72.0258865356,-41.4421157837
190,-31,65,-35,13,0,-0.502524375916,13,71.8958435059,-41.3540344238
191,-30.8999996185,65,-35,13,0,-0.502524375916,13,71.7660522461,-41.2655334473
192,-30.7999992371,65,-35,13,0,-0.502524375916,13,71.6365585327,-41.1766357422
193,-30.6999988556,65,-35,13,0,-0.502524375916,13,71.5073242188,-41.0873184204
194,-30.6000003815,65,-35,13,0,-0.502524375916,13,71.3783950806,-40.9976081848
195,-30.5,65,-35,13,0,-0.502524375916,13,71.24974823,-40.9074935913
196,-30.3999996185,65,-35,13,0,-0.502524375916,13,71.1213607788,-40.8169593811
197,-30.2999992371,65,-35,13,0,-0.502524375916,13,70.9932861328,-40.7260437012
198,-30.1999988556,65,-35,13,0,-0.502524375916,13,70.8654708862,-40.6347045898
199,-30.1000003815,65,-35,13,0,-0.502524375916,13,70.7379608154,-40.5429801941
200,-30,65,-30,13,0,-3.90227794647,13,70.610748291,-40.4508552551
201,-29.8999996185,65,-30,13,0,-3.90227794647,13,70.4838027954,-40.3583183289
202,-29.7999992371,65,-30,13,0,-3.90227794647,13,70.3571624756,-40.2653999329
203,-29.6999988556,65,-30,13,0,-3.90227794647,13,70.2308044434,-40.1720657349
204,-29.6000003815,65,-30,13,0,-3.90227794647,13,70.1047515869,-40.0783500671
205,-29.5,65,-30,13,0,-3.90227794647,13,69.9789962769,-39.9842414856
206,-29.3999996185,65,-30,13,0,-3.90227794647,13,69.8535232544,-39.8897209167
207,-29.2999992371,65,-30,13,0,-3.90227794647,13,69.7283630371,-39.7948188782
208,-29.1999988556,65,-30,13,0,-3.90227794647,13,69.603477478,-39.6995162964
209,-29.1000003815,65,-30,13,0,-3.90227794647,13,69.4789199829,-39.6038322449
210,-29,65,-30,13,0,-3.90227794647,13,69.3546600342,-39.5077590942
211,-28.8999996185,65,-30,13,0,-3.90227794647,13,69.230682373,-39.411277771
212,-28.7999992371,65,-30,13,0,-3.90227794647,13,69.1070251465,-39.3144264221
213,-28.6999988556,65,-30,13,0,-3.90227794647,13,68.9836730957,-39.2171821594
214,-28.6000003815,65,-30,13,0,-3.90227794647,13,68.8606109619,-39.1195411682
215,-28.5,65,-30,13,0,-3.90227794647,13,68.7378768921,-39.0215263367
216,-28.3999996185,65,-30,13,0,-3.90227794647,13,68.6154251099,-38.9231109619
217,-28.2999992371,65,-30,13,0,-3.90227794647,13,68.493309021,-38.8243293762
218,-28.1999988556,65,-30,13,0,-3.90227794647,13,68.3715057373,-38.7251625061
219,-28.1000003815,65,-30,13,0,-3.90227794647,13,68.2499923706,-38.6255989075
220,-28,65,-30,13,0,-3.90227794647,13,68.1288070679,-38.5256690979
221,-27.8999996185,65,-30,13,0,-3.90227794647,13,68.0079193115,-38.4253425598
222,-27.7999992371,65,-30,13,0,-3.90227794647,13,67.8873748779,-38.3246536255
223,-27.6999988556,65,-30,13,0,-3.90227794647,13,67.7671356201,-38.2235870361
224,-27.6000003815,65,-30,13,0,-3.90227794647,13,67.6472015381,-38.122127533
225,-27.5,65,-30,13,0,-3.90227794647,13,67.5276031494,-38.0203056335
226,-27.3999996185,65,-30,13,0,-3.90227794647,13,67.4083099365,-37.918094635
227,-27.2999992371,65,-30,13,0,-3.90227794647,13,67.289352417,-37.8155212402
228,-27.1999988556,65,-30,13,0,-3.90227794647,13,67.170715332,-37.7125701904
229,-27.1000003815,65,-30,13,0,-3.90227794647,13,67.0523986816,-37.6092453003
230,-27,65,-30,13,0,-3.90227794647,13,66.9344100952,-37.5055618286
231,-26.8999996185,65,-30,13,0,-3.90227794647,13,66.8167419434,-37.4014854431
232,-26.7999992371,65,-30,13,0,-3.90227794647,13,66.6994094849,-37.2970619202
233,-26.6999988556,65,-30,13,0,-3.90227794647,13,66.5823974609,-37.1922569275
234,-26.6000003815,65,-30,13,0,-3.90227794647,13,66.4657211304,-37.0870895386
235,-26.5,65,-30,13,0,-3.90227794647,13,66.3493804932,-36.9815635681
236,-26.3999996185,65,-30,13,0,-3.90227794647,13,66.2333602905,-36.8756599426
237,-26.2999992371,65,-30,13,0,-3.90227794647,13,66.1176834106,-36.7693977356
238,-26.1999988556,65,-30,13,0,-3.90227794647,13,66.0023345947,-36.6627693176
239,-26.1000003815,65,-30,13,0,-3.90227794647,13,65.8873214722,-36.5557785034
240,-26,65,-30,13,0,-3.90227794647,13,65.7726516724,-36.4484367371
241,-25.8999996185,65,-30,13,0,-3.90227794647,13,65.6583099365,-36.3407287598
242,-25.7999992371,65,-30,13,0,-3.90227794647,13,65.5443115234,-36.2326583862
243,-25.6999988556,65,-30,13,0,-3.90227794647,13,65.4306564331,-36.1242332458
244,-25.6000003815,65,-30,13,0,-3.90227794647,13,65.3173294067,-36.0154495239
245,-25.5,65,-30,13,0,-3.90227794647,13,65.2043685913,-35.9063224792
246,-25.3999996185,65,-30,13,0,-3.90227794647,13,65.0917358398,-35.7968254089
247,-25.2999992371,65,-30,13,0,-3.90227794647,13,64.9794464111,-35.6869812012
248,-25.1999988556,65,-30,13,0,-3.90227794647,13,64.8675003052,-35.5767860413
249,-25.1000003815,65,-30,13,0,-3.90227794647,13,64.7559051514,-35.4662361145
250,-25,60,-25,12,0,-2.83009529114,12,64.6446685791,-35.355342865
251,-24.8999996185,60,-25,12,0,-2.83009529114,12,64.5337677002,-35.2440986633
252,-24.7999992371,60,-25,12,0,-2.83009529114,12,64.4232177734,-35.1324996948
253,-24.6999988556,60,-25,12,0,-2.83009529114,12,64.3130187988,-35.0205574036
254,-24.6000003815,60,-25,12,0,-2.83009529114,12,64.2031784058,-34.9082717896
255,-24.5,60,-25,12,0,-2.83009529114,12,64.0936889648,-34.7956466675
256,-24.3999996185,60,-25,12,0,-2.83009529114,12,63.9845504761,-34.6826705933
257,-24.2999992371,60,-25,12,0,-2.83009529114,12,63.8757705688,-34.5693511963
258,-24.1999988556,60,-25,12,0,-2.83009529114,12,63.7673454285,-34.4556884766
259,-24.1000003815,60,-25,12,0,-2.83009529114,12,63.6592750549,-34.3416900635
260,-24,60,-25,12,0,-2.83009529114,12,63.551574707,-34.2273635864
261,-23.8999996185,60,-25,12,0,-2.83009529114,12,63.4442253113,-34.1126861572
262,-23.7999992371,60,-25,12,0,-2.83009529114,12,63.3372344971,-33.99766922
263,-23.6999988556,60,-25,12,0,-2.83009529114,12,63.2306060791,-33.8823242188
264,-23.6000003815,60,-25,12,0,-2.83009529114,12,63.1243438721,-33.7666397095
265,-23.5,60,-25,12,0,-2.83009529114,12,63.0184516907,-33.6506309509
266,-23.3999996185,60,-25,12,0,-2.83009529114,12,62.9129142761,-33.5342826843
267,-23.2999992371,60,-25,12,0,-2.83009529114,12,62.8077430725,-33.4176025391
268,-23.1999988556,60,-25,12,0,-2.83009529114,12,62.7029418945,-33.3005943298
269,-23.1000003815,60,-25,12,0,-2.83009529114,12,62.5985069275,-33.1832542419
270,-23,60,-25,12,0,-2.83009529114,12,62.4944496155,-33.0655975342
271,-22.8999996185,60,-25,12,0,-2.83009529114,12,62.3907546997,-32.9476051331
272,-22.7999992371,60,-25,12,0,-2.83009529114,12,62.2874336243,-32.8292922974
273,-22.6999988556,60,-25,12,0,-2.83009529114,12,62.1844787598,-32.710647583
274,-22.6000003815,60,-25,12,0,-2.83009529114,12,62.0819015503,-32.5916862488
275,-22.5,60,-25,12,0,-2.83009529114,12,61.9797058105,-32.4724082947
276,-22.3999996185,60,-25,12,0,-2.83009529114,12,61.8778762817,-32.3528022766
277,-22.2999992371,60,-25,12,0,-2.83009529114,12,61.776424408,-32.232875824
278,-22.1999988556,60,-25,12,0,-2.83009529114,12,61.6753501892,-32.1126327515
279,-22.1000003815,60,-25,12,0,-2.83009529114,12,61.5746536255,-31.9920711517
280,-22,60,-25,12,0,-2.83009529114,12,61.4743423462,-31.8712062836
281,-21.8999996185,60,-25,12,0,-2.83009529114,12,61.3744049072,-31.7500152588
282,-21.7999992371,60,-25,12,0,-2.83009529114,12,61.274848938,-31.6285095215
283,-21.6999988556,60,-25,12,0,-2.83009529114,12,61.1756744385,-31.5066928864
284,-21.6000003815,60,-25,12,0,-2.83009529114,12,61.0768814087,-31.3845672607
285,-21.5,60,-25,12,0,-2.83009529114,12,60.9784851074,-31.2621383667
286,-21.3999996185,60,-25,12,0,-2.83009529114,12,60.8804626465,-31.1393909454
287,-21.2999992371,60,-25,12,0,-2.83009529114,12,60.78282547,-31.0163383484
288,-21.1999988556,60,-25,12,0,-2.83009529114,12,60.6855773926,-30.8929805756
289,-21.1000003815,60,-25,12,0,-2.83009529114,12,60.5887184143,-30.7693157196
290,-21,60,-25,12,0,-2.83009529114,12,60.4922523499,-30.6453590393
291,-20.8999996185,60,-25,12,0,-2.83009529114,12,60.3961715698,-30.5210857391
292,-20.7999992371,60,-25,12,0,-2.83009529114,12,60.3004798889,-30.3965148926
293,-20.6999988556,60,-25,12,0,-2.83009529114,12,60.2051811218,-30.2716426849
294,-20.6000003815,60,-25,12,0,-2.83009529114,12,60.1102752686,-30.1464729309
295,-20.5,60,-25,12,0,-2.83009529114,12,60.0157699585,-30.0210151672
296,-20.3999996185,60,-25,12,0,-2.83009529114,12,59.9216537476,-29.8952522278
297,-20.2999992371,60,-25,12,0,-2.83009529114,12,59.8279304504,-29.7691917419
298,-20.1999988556,60,-25,12,0,-2.83009529114,12,59.7346115112,-29.6428508759
299,-20.1000003815,60,-25,12,0,-2.83009529114,12,59.6416778564,-29.5161933899
300,-20,55,-20,11,0,-0.755710601807,11,59.5491523743,-29.3892688751
301,-19.8999996185,55,-20,11,0,-0.755710601807,11,59.4570236206,-29.2620391846
302,-19.7999992371,55,-20,11,0,-0.755710601807,11,59.3652915955,-29.1345233917
303,-19.6999988556,55,-20,11,0,-0.755710601807,11,59.2739715576,-29.0067310333
304,-19.6000003815,55,-20,11,0,-0.755710601807,11,59.1830406189,-28.8786411285
305,-19.5,55,-20,11,0,-0.755710601807,11,59.0925140381,-28.7502670288
306,-19.3999996185,55,-20,11,0,-0.755710601807,11,59.0023956299,-28.6216087341
307,-19.2999992371,55,-20,11,0,-0.755710601807,11,58.9126777649,-28.4926681519
308,-19.1999988556,55,-20,11,0,-0.755710601807,11,58.8233757019,-28.3634548187
309,-19.1000003815,55,-20,11,0,-0.755710601807,11,58.7344703674,-28.233953476
310,-19,55,-20,11,0,-0.755710601807,11,58.6459732056,-28.1041717529
311,-18.8999996185,55,-20,11,0,-0.755710601807,11,58.5578842163,-27.9741134644
312,-18.7999992371,55,-20,11,0,-0.755710601807,11,58.4702033997,-27.8437786102
313,-18.6999988556,55,-20,11,0,-0.755710601807,11,58.3829421997,-27.7131824493
314,-18.6000003815,55,-20,11,0,-0.755710601807,11,58.296081543,-27.5823001862
315,-18.5,55,-20,11,0,-0.755710601807,11,58.2096328735,-27.4511451721
316,-18.3999996185,55,-20,11,0,-0.755710601807,11,58.1236000061,-27.3197174072
317,-18.2999992371,55,-20,11,0,-0.755710601807,11,58.037979126,-27.1880245209
318,-18.1999988556,55,-20,11,0,-0.755710601807,11,57.9527778625,-27.0560703278
319,-18.1000003815,55,-20,11,0,-0.755710601807,11,57.8679771423,-26.9238300323
320,-18,55,-20,11,0,-0.755710601807,11,57.7836074829,-26.791343689
321,-17.8999977112,55,-20,11,0,-0.755710601807,11,57.6996459961,-26.6585826874
322,-17.7999992371,55,-20,11,0,-0.755710601807,11,57.616104126,-26.5255565643
323,-17.7000007629,55,-20,11,0,-0.755710601807,11,57.5329856873,-26.3922843933
324,-17.5999984741,55,-20,11,0,-0.755710601807,11,57.4502792358,-26.2587375641
325,-17.5,55,-20,11,0,-0.755710601807,11,57.3679924011,-26.1249313354
326,-17.3999977112,55,-20,11,0,-0.755710601807,11,57.2861289978,-25.9908676147
327,-17.2999992371,55,-20,11,0,-0.755710601807,11,57.2046852112,-25.8565483093
328,-17.2000007629,55,-20,11,0,-0.755710601807,11,57.1236686707,-25.7219848633
329,-17.0999984741,55,-20,11,0,-0.755710601807,11,57.0430717468,-25.5871543884
330,-17,55,-20,11,0,-0.755710601807,11,56.9629020691,-25.4520740509
331,-16.8999977112,55,-20,11,0,-0.755710601807,11,56.8831520081,-25.3167419434
332,-16.7999992371,55,-20,11,0,-0.755710601807,11,56.8038291931,-25.1811599731
333,-16.7000007629,55,-20,11,0,-0.755710601807,11,56.724937439,-25.045337677
334,-16.5999984741,55,-20,11,0,-0.755710601807,11,56.6464653015,-24.9092597961
335,-16.5,55,-20,11,0,-0.755710601807,11,56.5684242249,-24.7729358673
336,-16.3999977112,55,-20,11,0,-0.755710601807,11,56.4908103943,-24.6363677979
337,-16.2999992371,55,-20,11,0,-0.755710601807,11,56.4136314392,-24.4995555878
338,-16.2000007629,55,-20,11,0,-0.755710601807,11,56.3368797302,-24.3625125885
339,-16.0999984741,55,-20,11,0,-0.755710601807,11,56.260559082,-24.2252178192
340,-16,55,-20,11,0,-0.755710601807,11,56.1846656799,-24.0876846313
341,-15.8999977112,55,-20,11,0,-0.755710601807,11,56.1092147827,-23.9499263763
342,-15.7999992371,55,-20,11,0,-0.755710601807,11,56.0341835022,-23.8119087219
343,-15.7000007629,55,-20,11,0,-0.755710601807,11,55.9595985413,-23.6736755371
344,-15.5999984741,55,-20,11,0,-0.755710601807,11,55.8854408264,-23.535200119
345,-15.5,55,-20,11,0,-0.755710601807,11,55.8117218018,-23.3964920044
346,-15.3999977112,55,-20,11,0,-0.755710601807,11,55.7384414673,-23.2575645447
347,-15.2999992371,55,-20,11,0,-0.755710601807,11,55.6655845642,-23.1183853149
348,-15.2000007629,55,-20,11,0,-0.755710601807,11,55.5931816101,-22.9789981842
349,-15.0999984741,55,-20,11,0,-0.755710601807,11,55.5212097168,-22.8393764496
350,-15,55,-15,11,0,-2.56583690643,11,55.449672699,-22.6995277405
351,-14.8999977112,55,-15,11,0,-2.56583690643,11,55.3785858154,-22.559463501
352,-14.7999992371,55,-15,11,0,-2.56583690643,11,55.307926178,-22.4191570282
353,-14.7000007629,55,-15,11,0,-2.56583690643,11,55.2377204895,-22.2786521912
354,-14.5999984741,55,-15,11,0,-2.56583690643,11,55.1679496765,-22.1379146576
355,-14.5,55,-15,11,0,-2.56583690643,11,55.0986213684,-21.9969596863
356,-14.3999977112,55,-15,11,0,-2.56583690643,11,55.0297393799,-21.8557987213
357,-14.2999992371,55,-15,11,0,-2.56583690643,11,54.9612960815,-21.7143993378
358,-14.2000007629,55,-15,11,0,-2.56583690643,11,54.8933067322,-21.572807312
359,-14.0999984741,55,-15,11,0,-2.56583690643,11,54.8257522583,-21.4309921265
360,-14,55,-15,11,0,-2.56583690643,11,54.7586479187,-21.2889652252
361,-13.8999977112,55,-15,11,0,-2.56583690643,11,54.6919937134,-21.1467399597
362,-13.7999992371,55,-15,11,0,-2.56583690643,11,54.6257781982,-21.004283905
363,-13.7000007629,55,-15,11,0,-2.56583690643,11,54.5600166321,-20.8616409302
364,-13.5999984741,55,-15,11,0,-2.56583690643,11,54.4947013855,-20.7187824249
365,-13.5,55,-15,11,0,-2.56583690643,11,54.4298362732,-20.575717926
366,-13.3999977112,55,-15,11,0,-2.56583690643,11,54.3654251099,-20.4324626923
367,-13.2999992371,55,-15,11,0,-2.56583690643,11,54.3014526367,-20.2889842987
368,-13.2000007629,55,-15,11,0,-2.56583690643,11,54.2379455566,-20.1453266144
369,-13.0999984741,55,-15,11,0,-2.56583690643,11,54.1748809814,-20.0014591217
370,-13,55,-15,11,0,-2.56583690643,11,54.1122703552,-19.8573951721
371,-12.8999977112,55,-15,11,0,-2.56583690643,11,54.050113678,-19.7131462097
372,-12.7999992371,55,-15,11,0,-2.56583690643,11,53.988407135,-19.5686798096
373,-12.7000007629,55,-15,11,0,-2.56583690643,11,53.9271583557,-19.424041748
374,-12.5999984741,55,-15,11,0,-2.56583690643,11,53.8663673401,-19.2792034149
375,-12.5,55,-15,11,0,-2.56583690643,11,53.8060264587,-19.1341705322
376,-12.3999977112,55,-15,11,0,-2.56583690643,11,53.7461433411,-18.9889640808
377,-12.2999992371,55,-15,11,0,-2.56583690643,11,53.6867103577,-18.8435459137
378,-12.2000007629,55,-15,11,0,-2.56583690643,11,53.6277427673,-18.6979656219
379,-12.0999984741,55,-15,11,0,-2.56583690643,11,53.569229126,-18.5521888733
380,-12,55,-15,11,0,-2.56583690643,11,53.511177063,-18.4062271118
381,-11.8999977112,55,-15,11,0,-2.56583690643,11,53.4535827637,-18.2600975037
382,-11.7999992371,55,-15,11,0,-2.56583690643,11,53.3964424133,-18.1137638092
383,-11.7000007629,55,-15,11,0,-2.56583690643,11,53.3397712708,-17.9672756195
384,-11.5999984741,55,-15,11,0,-2.56583690643,11,53.2835540771,-17.8205966949
385,-11.5,55,-15,11,0,-2.56583690643,11,53.2277984619,-17.6737422943
386,-11.3999977112,55,-15,11,0,-2.56583690643,11,53.1725082397,-17.526725769
387,-11.2999992371,55,-15,11,0,-2.56583690643,11,53.1176757812,-17.3795127869
388,-11.2000007629,55,-15,11,0,-2.56583690643,11,53.0633087158,-17.2321491241
389,-11.0999984741,55,-15,11,0,-2.56583690643,11,53.0094032288,-17.084608078
390,-11,55,-15,11,0,-2.56583690643,11,52.9559631348,-16.9368953705
391,-10.8999977112,55,-15,11,0,-2.56583690643,11,52.9029884338,-16.7890281677
392,-10.7999992371,55,-15,11,0,-2.56583690643,11,52.8504753113,-16.6409835815
393,-10.7000007629,55,-15,11,0,-2.56583690643,11,52.7984275818,-16.4927749634
394,-10.5999984741,55,-15,11,0,-2.56583690643,11,52.7468490601,-16.3444023132
395,-10.5,55,-15,11,0,-2.56583690643,11,52.6957321167,-16.1958694458
396,-10.3999977112,55,-15,11,0,-2.56583690643,11,52.6450881958,-16.0471878052
397,-10.2999992371,55,-15,11,0,-2.56583690643,11,52.5949058533,-15.8983383179
398,-10.2000007629,55,-15,11,0,-2.56583690643,11,52.5451927185,-15.749329567
399,-10.0999984741,55,-15,11,0,-2.56583690643,11,52.4959487915,-15.6001653671
400,-10,55,-10,11,0,-3.90227794647,11,52.4471740723,-15.4508485794
401,-9.89999771118,55,-10,11,0,-3.90227794647,11,52.3988723755,-15.3013896942
402,-9.79999923706,55,-10,11,0,-3.90227794647,11,52.3510322571,-15.1517686844
403,-9.70000076294,55,-10,11,0,-3.90227794647,11,52.3036689758,-15.0019989014
404,-9.59999847412,55,-10,11,0,-3.90227794647,11,52.2567710876,-14.8520793915
405,-9.5,55,-10,11,0,-3.90227794647,11,52.2103500366,-14.7020149231
406,-9.39999771118,55,-10,11,0,-3.90227794647,11,52.1643981934,-14.551815033
407,-9.29999923706,55,-10,11,0,-3.90227794647,11,52.1189193726,-14.4014625549
408,-9.20000076294,55,-10,11,0,-3.90227794647,11,52.0739097595,-14.2509651184
409,-9.09999847412,55,-10,11,0,-3.90227794647,11,52.0293807983,-14.1003417969
410,-9,55,-10,11,0,-3.90227794647,11,51.9853134155,-13.9495534897
411,-8.89999771118,55,-10,11,0,-3.90227794647,11,51.9417304993,-13.7986507416
412,-8.79999923706,55,-10,11,0,-3.90227794647,11,51.8986167908,-13.6476020813
413,-8.70000076294,55,-10,11,0,-3.90227794647,11,51.8559799194,-13.4964170456
414,-8.59999847412,55,-10,11,0,-3.90227794647,11,51.8138198853,-13.3451118469
415,-8.5,55,-10,11,0,-3.90227794647,11,51.7721290588,-13.1936502457
416,-8.39999771118,55,-10,11,0,-3.90227794647,11,51.7309188843,-13.0420818329
417,-8.29999923706,55,-10,11,0,-3.90227794647,11,51.6901855469,-12.8903751373
418,-8.20000076294,55,-10,11,0,-3.90227794647,11,51.6499252319,-12.7385396957
419,-8.09999847412,55,-10,11,0,-3.90227794647,11,51.6101493835,-12.5865888596
420,-8,55,-10,11,0,-3.90227794647,11,51.5708427429,-12.4344921112
421,-7.89999771118,55,-10,11,0,-3.90227794647,11,51.5320167542,-12.2822952271
422,-7.79999923706,55,-10,11,0,-3.90227794647,11,51.4936714172,-12.1299657822
423,-7.70000076294,55,-10,11,0,-3.90227794647,11,51.4558029175,-11.977517128
424,-7.59999847412,55,-10,11,0,-3.90227794647,11,51.4184150696,-11.8249607086
425,-7.5,55,-10,11,0,-3.90227794647,11,51.3815040588,-11.6722660065
426,-7.39999771118,55,-10,11,0,-3.90227794647,11,51.3450775146,-11.5194778442
427,-7.29999923706,55,-10,11,0,-3.90227794647,11,51.3091278076,-11.3665647507
428,-7.20000076294,55,-10,11,0,-3.90227794647,11,51.2736549377,-11.2135391235
429,-7.09999847412,55,-10,11,0,-3.90227794647,11,51.2386703491,-11.0604162216
430,-7,55,-10,11,0,-3.90227794647,11,51.204158783,-10.9071588516
431,-6.89999771118,55,-10,11,0,-3.90227794647,11,51.1701393127,-10.7538175583
432,-6.79999923706,55,-10,11,0,-3.90227794647,11,51.1365966797,-10.6003599167
433,-6.70000076294,55,-10,11,0,-3.90227794647,11,51.1035308838,-10.4467954636
434,-6.59999847412,55,-10,11,0,-3.90227794647,11,51.0709571838,-10.2931413651
435,-6.5,55,-10,11,0,-3.90227794647,11,51.0388565063,-10.1393613815
436,-6.39999771118,55,-10,11,0,-3.90227794647,11,51.0072517395,-9.98550510406
437,-6.29999923706,55,-10,11,0,-3.90227794647,11,50.9761199951,-9.83153820038
438,-6.20000076294,55,-10,11,0,-3.90227794647,11,50.945476532,-9.67747497559
439,-6.09999847412,55,-10,11,0,-3.90227794647,11,50.9153175354,-9.52332687378
440,-6,55,-10,11,0,-3.90227794647,11,50.885635376,-9.36906147003
441,-5.89999771118,55,-10,11,0,-3.90227794647,11,50.8564453125,-9.21472835541
442,-5.79999923706,55,-10,11,0,-3.90227794647,11,50.8277435303,-9.06029129028
443,-5.70000076294,55,-10,11,0,-3.90227794647,11,50.7995185852,-8.90576553345
444,-5.59999847412,55,-10,11,0,-3.90227794647,11,50.7717857361,-8.75116252899
445,-5.5,55,-10,11,0,-3.90227794647,11,50.7445335388,-8.59645080566
446,-5.39999771118,55,-10,11,0,-3.90227794647,11,50.7177696228,-8.44167804718
447,-5.29999923706,55,-10,11,0,-3.90227794647,11,50.691493988,-8.28680896759
448,-5.20000076294,55,-10,11,0,-3.90227794647,11,50.6657028198,-8.13185882568
449,-5.09999847412,55,-10,11,0,-3.90227794647,11,50.6403999329,-7.97683954239
450,-5,55,-5,11,0,-4.723072052,11,50.6155815125,-7.82171869278
451,-4.89999771118,55,-5,11,0,-4.723072052,11,50.591255188,-7.66654443741
452,-4.79999923706,55,-5,11,0,-4.723072052,11,50.5674133301,-7.51128196716
453,-4.70000076294,55,-5,11,0,-4.723072052,11,50.5440597534,-7.35594558716
454,-4.59999847412,55,-5,11,0,-4.723072052,11,50.521194458,-7.20054864883
455,-4.5,55,-5,11,0,-4.723072052,11,50.4988174438,-7.04506874084
456,-4.39999771118,55,-5,11,0,-4.723072052,11,50.4769287109,-6.88951921463
457,-4.29999923706,55,-5,11,0,-4.723072052,11,50.4555282593,-6.73390197754
458,-4.20000076294,55,-5,11,0,-4.723072052,11,50.4346199036,-6.57821798325
459,-4.09999847412,55,-5,11,0,-4.723072052,11,50.4141998291,-6.42248106003
460,-4,55,-5,11,0,-4.723072052,11,50.3942680359,-6.2666683197
461,-3.89999771118,55,-5,11,0,-4.723072052,11,50.3748245239,-6.11079454422
462,-3.79999923706,55,-5,11,0,-4.723072052,11,50.3558692932,-5.95486021042
463,-3.70000076294,55,-5,11,0,-4.723072052,11,50.3374061584,-5.79886674881
464,-3.59999847412,55,-5,11,0,-4.723072052,11,50.3194351196,-5.64282846451
465,-3.5,55,-5,11,0,-4.723072052,11,50.3019523621,-5.48672246933
466,-3.39999771118,55,-5,11,0,-4.723072052,11,50.2849617004,-5.33056163788
467,-3.29999923706,55,-5,11,0,-4.723072052,11,50.2684593201,-5.17434883118
468,-3.20000076294,55,-5,11,0,-4.723072052,11,50.2524490356,-5.0180850029
469,-3.09999847412,55,-5,11,0,-4.723072052,11,50.2369308472,-4.86178302765
470,-3,55,-5,11,0,-4.723072052,11,50.2219009399,-4.70542192459
471,-2.89999771118,55,-5,11,0,-4.723072052,11,50.2073631287,-4.54901409149
472,-2.79999923706,55,-5,11,0,-4.723072052,11,50.193321228,-4.39257335663
473,-2.70000076294,55,-5,11,0,-4.723072052,11,50.1797637939,-4.23606538773
474,-2.59999847412,55,-5,11,0,-4.723072052,11,50.1667060852,-4.07953882217
475,-2.5,55,-5,11,0,-4.723072052,11,50.154132843,-3.92296099663
476,-2.39999771118,55,-5,11,0,-4.723072052,11,50.1420555115,-3.76634383202
477,-2.29999923706,55,-5,11,0,-4.723072052,11,50.1304702759,-3.60970163345
478,-2.20000076294,55,-5,11,0,-4.723072052,11,50.1193733215,-3.45299983025
479,-2.09999847412,55,-5,11,0,-4.723072052,11,50.1087722778,-3.29628801346
480,-2,55,-5,11,0,-4.723072052,11,50.0986633301,-3.1395316124
481,-1.89999771118,55,-5,11,0,-4.723072052,11,50.0890464783,-2.98274421692
482,-1.79999923706,55,-5,11,0,-4.723072052,11,50.0799255371,-2.82593941689
483,-1.70000076294,55,-5,11,0,-4.723072052,11,50.0712890625,-2.66908288002
484,-1.59999847412,55,-5,11,0,-4.723072052,11,50.0631523132,-2.51222372055
485,-1.5,55,-5,11,0,-4.723072052,11,50.0555076599,-2.35532784462
486,-1.39999771118,55,-5,11,0,-4.723072052,11,50.0483551025,-2.19840884209
487,-1.29999923706,55,-5,11,0,-4.723072052,11,50.0416946411,-2.04148006439
488,-1.20000076294,55,-5,11,0,-4.723072052,11,50.0355262756,-1.88450717926
489,-1.09999847412,55,-5,11,0,-4.723072052,11,50.0298538208,-1.72753953934
490,-1,55,-5,11,0,-4.723072052,11,50.0246734619,-1.57054293156
491,-0.899997711182,55,-5,11,0,-4.723072052,11,50.019985199,-1.41353082657
492,-0.799999237061,55,-5,11,0,-4.723072052,11,50.0157928467,-1.25651681423
493,-0.700000762939,55,-5,11,0,-4.723072052,11,50.0120925903,-1.09946644306
494,-0.599998474121,55,-5,11,0,-4.723072052,11,50.0088806152,-0.942429184914
495,-0.5,55,-5,11,0,-4.723072052,11,50.0061683655,-0.785370528698
496,-0.399997711182,55,-5,11,0,-4.723072052,11,50.0039482117,-0.628304243088
497,-0.299999237061,55,-5,11,0,-4.723072052,11,50.0022201538,-0.471243619919
498,-0.200000762939,55,-5,11,0,-4.723072052,11,50.0009880066,-0.314154535532
499,-0.0999984741211,55,-5,11,0,-4.723072052,11,50.0002479553,-0.157086193562
500,0,55,0,11,0,-5,11,50,-4.3711388571e-06
501,0.100002288818,55,0,11,0,-5,11,50.0002479553,0.15707744658
502,0.200000762939,55,0,11,0,-5,11,50.0009880066,0.314145803452
503,0.299999237061,55,0,11,0,-5,11,50.0022201538,0.471234887838
504,0.400001525879,55,0,11,0,-5,11,50.0039482117,0.628295481205
505,0.5,55,0,11,0,-5,11,50.0061683655,0.785361766815
506,0.600002288818,55,0,11,0,-5,11,50.0088806152,0.942420423031
507,0.700000762939,55,0,11,0,-5,11,50.0120925903,1.09945774078
508,0.799999237061,55,0,11,0,-5,11,50.015789032,1.25650811195
509,0.900001525879,55,0,11,0,-5,11,50.019985199,1.4135222435
510,1,55,0,11,0,-5,11,50.0246734619,1.57053411007
511,1.10000228882,55,0,11,0,-5,11,50.0298538208,1.72753071785
512,1.20000076294,55,0,11,0,-5,11,50.0355262756,1.88449847698
513,1.29999923706,55,0,11,0,-5,11,50.0416946411,2.0414712429
514,1.40000152588,55,0,11,0,-5,11,50.0483551025,2.1984000206
515,1.5,55,0,11,0,-5,11,50.0555076599,2.35531902313
516,1.60000228882,55,0,11,0,-5,11,50.0631523132,2.51221489906
517,1.70000076294,55,0,11,0,-5,11,50.0712890625,2.66907405853
518,1.79999923706,55,0,11,0,-5,11,50.0799255371,2.8259305954
519,1.90000152588,55,0,11,0,-5,11,50.0890464783,2.98273563385
520,2,55,0,11,0,-5,11,50.0986633301,3.13952302933
521,2.10000228882,55,0,11,0,-5,11,50.1087722778,3.29627919197
522,2.20000076294,55,0,11,0,-5,11,50.1193733215,3.45299124718
523,2.29999923706,55,0,11,0,-5,11,50.1304702759,3.60968112946
524,2.40000152588,55,0,11,0,-5,11,50.1420555115,3.76633524895
525,2.5,55,0,11,0,-5,11,50.154132843,3.92295193672
526,2.60000228882,55,0,11,0,-5,11,50.1667022705,4.07953023911
527,2.70000076294,55,0,11,0,-5,11,50.1797637939,4.23605632782
528,2.79999923706,55,0,11,0,-5,11,50.1933174133,4.39255237579
529,2.90000152588,55,0,11,0,-5,11,50.2073631287,4.54900503159
530,3,55,0,11,0,-5,11,50.2219009399,4.70541286469
531,3.10000228882,55,0,11,0,-5,11,50.2369270325,4.86177444458
532,3.20000076294,55,0,11,0,-5,11,50.2524490356,5.01807641983
533,3.29999923706,55,0,11,0,-5,11,50.2684593201,5.17434024811
534,3.40000152588,55,0,11,0,-5,11,50.2849617004,5.33055305481
535,3.5,55,0,11,0,-5,11,50.3019523621,5.48671340942
536,3.60000228882,55,0,11,0,-5,11,50.3194351196,5.6428194046
537,3.70000076294,55,0,11,0,-5,11,50.3374061584,5.79885816574
538,3.79999923706,55,0,11,0,-5,11,50.3558692932,5.95485115051
539,3.90000152588,55,0,11,0,-5,11,50.3748207092,6.11078596115
540,4,55,0,11,0,-5,11,50.3942642212,6.26664829254
541,4.10000228882,55,0,11,0,-5,11,50.4141960144,6.42247200012
542,4.20000076294,55,0,11,0,-5,11,50.4346160889,6.57820940018
543,4.29999923706,55,0,11,0,-5,11,50.4555282593,6.73389291763
544,4.40000152588,55,0,11,0,-5,11,50.4769287109,6.8895111084
545,4.5,55,0,11,0,-5,11,50.4988174438,7.04504871368
546,4.60000228882,55,0,11,0,-5,11,50.521194458,7.20054006577
547,4.70000076294,55,0,11,0,-5,11,50.5440597534,7.35593748093
548,4.79999923706,55,0,11,0,-5,11,50.5674133301,7.51127386093
549,4.90000152588,55,0,11,0,-5,11,50.591255188,7.66653585434
550,5,55,5,11,0,-4.723072052,11,50.6155815125,7.82171058655
551,5.10000228882,55,5,11,0,-4.723072052,11,50.6403999329,7.97683143616
552,5.20000076294,55,5,11,0,-4.723072052,11,50.6656990051,8.13185024261
553,5.29999923706,55,5,11,0,-4.723072052,11,50.6914901733,8.28680038452
554,5.40000152588,55,5,11,0,-4.723072052,11,50.7177696228,8.44166851044
555,5.5,55,5,11,0,-4.723072052,11,50.7445297241,8.5964422226
556,5.60000228882,55,5,11,0,-4.723072052,11,50.7717857361,8.7511548996
557,5.70000076294,55,5,11,0,-4.723072052,11,50.7995147705,8.9057559967
558,5.79999923706,55,5,11,0,-4.723072052,11,50.8277397156,9.06028270721
559,5.90000152588,55,5,11,0,-4.723072052,11,50.8564453125,9.21471977234
560,6,55,5,11,0,-4.723072052,11,50.885635376,9.36905384064
561,6.10000228882,55,5,11,0,-4.723072052,11,50.9153137207,9.52331829071
562,6.20000076294,55,5,11,0,-4.723072052,11,50.9454727173,9.67746639252
563,6.29999923706,55,5,11,0,-4.723072052,11,50.9761199951,9.83152961731
564,6.40000152588,55,5,11,0,-4.723072052,11,51.0072479248,9.985496521
565,6.5,55,5,11,0,-4.723072052,11,51.0388565063,10.1393527985
566,6.60000228882,55,5,11,0,-4.723072052,11,51.0709571838,10.293132782
567,6.70000076294,55,5,11,0,-4.723072052,11,51.1035308838,10.4467878342
568,6.79999923706,55,5,11,0,-4.723072052,11,51.136592865,10.6003503799
569,6.90000152588,55,5,11,0,-4.723072052,11,51.1701393127,10.7538099289
570,7,55,5,11,0,-4.723072052,11,51.204158783,10.9071512222
571,7.10000228882,55,5,11,0,-4.723072052,11,51.2386665344,11.0604066849
572,7.20000076294,55,5,11,0,-4.723072052,11,51.2736549377,11.2135314941
573,7.29999923706,55,5,11,0,-4.723072052,11,51.3091239929,11.3665561676
574,7.40000152588,55,5,11,0,-4.723072052,11,51.3450737,11.5194692612
575,7.5,55,5,11,0,-4.723072052,11,51.3815002441,11.6722564697
576,7.60000228882,55,5,11,0,-4.723072052,11,51.4184150696,11.8249530792
577,7.70000076294,55,5,11,0,-4.723072052,11,51.4558029175,11.9775085449
578,7.79999923706,55,5,11,0,-4.723072052,11,51.4936676025,12.1299571991
579,7.90000152588,55,5,11,0,-4.723072052,11,51.5320167542,12.282286644
580,8,55,5,11,0,-4.723072052,11,51.5708389282,12.4344835281
581,8.10000228882,55,5,11,0,-4.723072052,11,51.6101455688,12.5865802765
582,8.20000076294,55,5,11,0,-4.723072052,11,51.6499252319,12.738530159
583,8.29999923706,55,5,11,0,-4.723072052,11,51.6901817322,12.8903656006
584,8.40000152588,55,5,11,0,-4.723072052,11,51.7309188843,13.0420742035
585,8.5,55,5,11,0,-4.723072052,11,51.7721252441,13.1936416626
586,8.60000228882,55,5,11,0,-4.723072052,11,51.8138160706,13.3451032639
587,8.70000076294,55,5,11,0,-4.723072052,11,51.8559799194,13.4964094162
588,8.79999923706,55,5,11,0,-4.723072052,11,51.8986167908,13.6475934982
589,8.90000152588,55,5,11,0,-4.723072052,11,51.9417266846,13.7986440659
590,9,55,5,11,0,-4.723072052,11,51.9853134155,13.9495449066
591,9.10000228882,55,5,11,0,-4.723072052,11,52.0293731689,14.100320816
592,9.20000076294,55,5,11,0,-4.723072052,11,52.0739059448,14.250957489
593,9.29999923706,55,5,11,0,-4.723072052,11,52.1189155579,14.4014539719
594,9.40000152588,55,5,11,0,-4.723072052,11,52.1643981934,14.5518083572
595,9.5,55,5,11,0,-4.723072052,11,52.2103462219,14.7020072937
596,9.60000228882,55,5,11,0,-4.723072052,11,52.2567710876,14.8520727158
597,9.70000076294,55,5,11,0,-4.723072052,11,52.3036651611,15.0019903183
598,9.79999923706,55,5,11,0,-4.723072052,11,52.3510322571,15.151761055
599,9.90000152588,55,5,11,0,-4.723072052,11,52.3988685608,15.3013811111
600,10,55,10,11,0,-3.90227794647,11,52.4471702576,15.4508399963
601,10.1000022888,55,10,11,0,-3.90227794647,11,52.4959487915,15.6001586914
602,10.2000007629,55,10,11,0,-3.90227794647,11,52.5451889038,15.7493219376
603,10.2999992371,55,10,11,0,-3.90227794647,11,52.5949020386,15.8983182907
604,10.4000015259,55,10,11,0,-3.90227794647,11,52.6450843811,16.0471801758
605,10.5,55,10,11,0,-3.90227794647,11,52.6957321167,16.1958618164
606,10.6000022888,55,10,11,0,-3.90227794647,11,52.7468452454,16.3443946838
607,10.7000007629,55,10,11,0,-3.90227794647,11,52.7984275818,16.4927654266
608,10.7999992371,55,10,11,0,-3.90227794647,11,52.8504714966,16.6409645081
609,10.9000015259,55,10,11,0,-3.90227794647,11,52.9029846191,16.789018631
610,11,55,10,11,0,-3.90227794647,11,52.9559593201,16.9368877411
611,11.1000022888,55,10,11,0,-3.90227794647,11,53.0093994141,17.0845985413
612,11.2000007629,55,10,11,0,-3.90227794647,11,53.0633049011,17.2321414948
613,11.2999992371,55,10,11,0,-3.90227794647,11,53.1176719666,17.3795051575
614,11.4000015259,55,10,11,0,-3.90227794647,11,53.172504425,17.5267162323
615,11.5,55,10,11,0,-3.90227794647,11,53.2277946472,17.6737346649
616,11.6000022888,55,10,11,0,-3.90227794647,11,53.2835502625,17.8205871582
617,11.7000007629,55,10,11,0,-3.90227794647,11,53.3397674561,17.9672660828
618,11.7999992371,55,10,11,0,-3.90227794647,11,53.3964385986,18.1137561798
619,11.9000015259,55,10,11,0,-3.90227794647,11,53.453578949,18.2600879669
620,12,55,10,11,0,-3.90227794647,11,53.5111732483,18.4062194824
621,12.1000022888,55,10,11,0,-3.90227794647,11,53.569229126,18.5521793365
622,12.2000007629,55,10,11,0,-3.90227794647,11,53.6277427673,18.6979560852
623,12.2999992371,55,10,11,0,-3.90227794647,11,53.686706543,18.8435382843
624,12.4000015259,55,10,11,0,-3.90227794647,11,53.7461395264,18.9889564514
625,12.5,55,10,11,0,-3.90227794647,11,53.8060188293,19.1341629028
626,12.6000022888,55,10,11,0,-3.90227794647,11,53.8663597107,19.2791938782
627,12.7000007629,55,10,11,0,-3.90227794647,11,53.927154541,19.4240341187
628,12.7999992371,55,10,11,0,-3.90227794647,11,53.9884033203,19.5686721802
629,12.9000015259,55,10,11,0,-3.90227794647,11,54.0501098633,19.7131385803
630,13,55,10,11,0,-3.90227794647,11,54.1122627258,19.8573875427
631,13.1000022888,55,10,11,0,-3.90227794647,11,54.1748771667,20.0014514923
632,13.2000007629,55,10,11,0,-3.90227794647,11,54.2379417419,20.145318985
633,13.2999992371,55,10,11,0,-3.90227794647,11,54.301448822,20.2889766693
634,13.4000015259,55,10,11,0,-3.90227794647,11,54.3654212952,20.4324550629
635,13.5,55,10,11,0,-3.90227794647,11,54.4298324585,20.5757102966
636,13.6000022888,55,10,11,0,-3.90227794647,11,54.4947013855,20.7187747955
637,13.7000007629,55,10,11,0,-3.90227794647,11,54.5600128174,20.8616333008
638,13.7999992371,55,10,11,0,-3.90227794647,11,54.6257781982,21.0042858124
639,13.9000015259,55,10,11,0,-3.90227794647,11,54.691986084,21.1467208862
640,14,55,10,11,0,-3.90227794647,11,54.758644104,21.2889575958
641,14.0999984741,55,10,11,0,-3.90227794647,11,54.8257484436,21.4309844971
642,14.2000045776,55,10,11,0,-3.90227794647,11,54.8932991028,21.5727996826
643,14.3000030518,55,10,11,0,-3.90227794647,11,54.9612960815,21.7144031525
644,14.4000015259,55,10,11,0,-3.90227794647,11,55.0297317505,21.8557796478
645,14.5,55,10,11,0,-3.90227794647,11,55.0986175537,21.9969520569
646,14.5999984741,55,10,11,0,-3.90227794647,11,55.1679458618,22.1379070282
647,14.7000045776,55,10,11,0,-3.90227794647,11,55.2377166748,22.2786445618
648,14.8000030518,55,10,11,0,-3.90227794647,11,55.307926178,22.4191493988
649,14.9000015259,55,10,11,0,-3.90227794647,11,55.378578186,22.5594463348
650,15,55,15,11,0,-2.56583690643,11,55.4496688843,22.6995182037
651,15.0999984741,55,15,11,0,-2.56583690643,11,55.5212059021,22.8393669128
652,15.2000045776,55,15,11,0,-2.56583690643,11,55.5931777954,22.9789905548
653,15.3000030518,55,15,11,0,-2.56583690643,11,55.6655807495,23.1183776855
654,15.4000015259,55,15,11,0,-2.56583690643,11,55.7384300232,23.2575454712
655,15.5,55,15,11,0,-2.56583690643,11,55.8117141724,23.396484375
656,15.5999984741,55,15,11,0,-2.56583690643,11,55.8854370117,23.535194397
657,15.7000045776,55,15,11,0,-2.56583690643,11,55.9595947266,23.6736679077
658,15.8000030518,55,15,11,0,-2.56583690643,11,56.0341796875,23.8119010925
659,15.9000015259,55,15,11,0,-2.56583690643,11,56.1092033386,23.9499073029
660,16,55,15,11,0,-2.56583690643,11,56.1846656799,24.087677002
661,16.0999984741,55,15,11,0,-2.56583690643,11,56.2605514526,24.2252120972
662,16.2000045776,55,15,11,0,-2.56583690643,11,56.3368759155,24.3625049591
663,16.3000030518,55,15,11,0,-2.56583690643,11,56.4136238098,24.4995498657
664,16.4000015259,55,15,11,0,-2.56583690643,11,56.4908103943,24.6363601685
665,16.5,55,15,11,0,-2.56583690643,11,56.5684242249,24.7729282379
666,16.5999984741,55,15,11,0,-2.56583690643,11,56.6464614868,24.9092521667
667,16.7000045776,55,15,11,0,-2.56583690643,11,56.7249336243,25.0453300476
668,16.8000030518,55,15,11,0,-2.56583690643,11,56.8038215637,25.1811504364
669,16.9000015259,55,15,11,0,-2.56583690643,11,56.8831481934,25.3167324066
670,17,55,15,11,0,-2.56583690643,11,56.9628944397,25.4520645142
671,17.0999984741,55,15,11,0,-2.56583690643,11,57.0430679321,25.587146759
672,17.2000045776,55,15,11,0,-2.56583690643,11,57.1236686707,25.7219753265
673,17.3000030518,55,15,11,0,-2.56583690643,11,57.2046813965,25.8565387726
674,17.4000015259,55,15,11,0,-2.56583690643,11,57.2861251831,25.9908618927
675,17.5,55,15,11,0,-2.56583690643,11,57.3679885864,26.1249237061
676,17.5999984741,55,15,11,0,-2.56583690643,11,57.4502754211,26.2587280273
677,17.7000045776,55,15,11,0,-2.56583690643,11,57.5329818726,26.3922748566
678,17.8000030518,55,15,11,0,-2.56583690643,11,57.6160964966,26.5255508423
679,17.9000015259,55,15,11,0,-2.56583690643,11,57.6996421814,26.6585731506
680,18,55,15,11,0,-2.56583690643,11,57.7835998535,26.7913341522
681,18.0999984741,55,15,11,0,-2.56583690643,11,57.8679771423,26.9238319397
682,18.2000045776,55,15,11,0,-2.56583690643,11,57.9527664185,27.0560531616
683,18.3000030518,55,15,11,0,-2.56583690643,11,58.0379714966,27.1880149841
684,18.4000015259,55,15,11,0,-2.56583690643,11,58.1235961914,27.3197116852
685,18.5,55,15,11,0,-2.56583690643,11,58.2096290588,27.4511375427
686,18.5999984741,55,15,11,0,-2.56583690643,11,58.2960777283,27.5822906494
687,18.7000045776,55,15,11,0,-2.56583690643,11,58.3829307556,27.7131652832
688,18.8000030518,55,15,11,0,-2.56583690643,11,58.470199585,27.8437728882
689,18.9000015259,55,15,11,0,-2.56583690643,11,58.5578804016,27.9741077423
690,19,55,15,11,0,-2.56583690643,11,58.6459693909,28.1041660309
691,19.0999984741,55,15,11,0,-2.56583690643,11,58.7344665527,28.2339458466
692,19.2000045776,55,15,11,0,-2.56583690643,11,58.8233642578,28.3634395599
693,19.3000030518,55,15,11,0,-2.56583690643,11,58.9126739502,28.4926586151
694,19.4000015259,55,15,11,0,-2.56583690643,11,59.0023918152,28.6216011047
695,19.5,55,15,11,0,-2.56583690643,11,59.0925140381,28.7502593994
696,19.5999984741,55,15,11,0,-2.56583690643,11,59.1830368042,28.8786354065
697,19.7000045776,55,15,11,0,-2.56583690643,11,59.2739562988,29.0067138672
698,19.8000030518,55,15,11,0,-2.56583690643,11,59.3652877808,29.1345176697
699,19.9000015259,55,15,11,0,-2.56583690643,11,59.4570159912,29.2620334625
700,20,55,20,11,0,-0.755710601807,11,59.5491485596,29.3892593384
701,20.0999984741,55,20,11,0,-0.755710601807,11,59.6416778564,29.5161972046
702,20.2000045776,55,20,11,0,-0.755710601807,11,59.7346000671,29.6428318024
703,20.3000030518,55,20,11,0,-0.755710601807,11,59.827922821,29.7691860199
704,20.4000015259,55,20,11,0,-0.755710601807,11,59.9216461182,29.8952465057
705,20.5,55,20,11,0,-0.755710601807,11,60.0157661438,30.0210094452
706,20.5999984741,55,20,11,0,-0.755710601807,11,60.1102752686,30.1464767456
707,20.7000045776,55,20,11,0,-0.755710601807,11,60.2051773071,30.2716369629
708,20.8000030518,55,20,11,0,-0.755710601807,11,60.3004760742,30.3965091705
709,20.9000015259,55,20,11,0,-0.755710601807,11,60.3961639404,30.5210800171
710,21,55,20,11,0,-0.755710601807,11,60.4922485352,30.6453495026
711,21.0999984741,55,20,11,0,-0.755710601807,11,60.5887107849,30.7693099976
712,21.2000045776,55,20,11,0,-0.755710601807,11,60.6855735779,30.8929748535
713,21.3000030518,55,20,11,0,-0.755710601807,11,60.7828216553,31.0163326263
714,21.4000015259,55,20,11,0,-0.755710601807,11,60.8804550171,31.1393852234
715,21.5,55,20,11,0,-0.755710601807,11,60.978477478,31.26212883
716,21.5999984741,55,20,11,0,-0.755710601807,11,61.076877594,31.384557724
717,21.7000045776,55,20,11,0,-0.755710601807,11,61.1756668091,31.5066871643
718,21.8000030518,55,20,11,0,-0.755710601807,11,61.2748413086,31.6285018921
719,21.9000015259,55,20,11,0,-0.755710601807,11,61.3743972778,31.750005722
720,22,55,20,11,0,-0.755710601807,11,61.4743347168,31.8711967468
721,22.0999984741,55,20,11,0,-0.755710601807,11,61.5746459961,31.9920654297
722,22.2000045776,55,20,11,0,-0.755710601807,11,61.6753425598,32.1126251221
723,22.3000030518,55,20,11,0,-0.755710601807,11,61.7764205933,32.2328681946
724,22.4000015259,55,20,11,0,-0.755710601807,11,61.8778686523,32.3527946472
725,22.5,55,20,11,0,-0.755710601807,11,61.9796981812,32.4724006653
726,22.5999984741,55,20,11,0,-0.755710601807,11,62.0818977356,32.5916748047
727,22.7000045776,55,20,11,0,-0.755710601807,11,62.1844749451,32.7106399536
728,22.8000030518,55,20,11,0,-0.755710601807,11,62.2874259949,32.8292808533
729,22.9000015259,55,20,11,0,-0.755710601807,11,62.390750885,32.9476013184
730,23,55,20,11,0,-0.755710601807,11,62.4944458008,33.0655937195
731,23.0999984741,55,20,11,0,-0.755710601807,11,62.5985031128,33.1832504272
732,23.2000045776,55,20,11,0,-0.755710601807,11,62.7029342651,33.3005867004
733,23.3000030518,55,20,11,0,-0.755710601807,11,62.8077392578,33.4175987244
734,23.4000015259,55,20,11,0,-0.755710601807,11,62.9129066467,33.5342750549
735,23.5,55,20,11,0,-0.755710601807,11,63.0184440613,33.6506233215
736,23.5999984741,55,20,11,0,-0.755710601807,11,63.1243362427,33.7666320801
737,23.7000045776,55,20,11,0,-0.755710601807,11,63.2306022644,33.8823165894
738,23.8000030518,55,20,11,0,-0.755710601807,11,63.3372268677,33.9976654053
739,23.9000015259,55,20,11,0,-0.755710601807,11,63.4442176819,34.1126785278
740,24,55,20,11,0,-0.755710601807,11,63.5515670776,34.2273521423
741,24.0999984741,55,20,11,0,-0.755710601807,11,63.6592674255,34.3416824341
742,24.2000045776,55,20,11,0,-0.755710601807,11,63.7673377991,34.4556846619
743,24.3000030518,55,20,11,0,-0.755710601807,11,63.8757629395,34.5693435669
744,24.4000015259,55,20,11,0,-0.755710601807,11,63.9845466614,34.6826629639
745,24.5,55,20,11,0,-0.755710601807,11,64.0936737061,34.7956314087
746,24.5999984741,55,20,11,0,-0.755710601807,11,64.2031707764,34.9082641602
747,24.7000045776,55,20,11,0,-0.755710601807,11,64.3130187988,35.0205497742
748,24.8000030518,55,20,11,0,-0.755710601807,11,64.423210144,35.1324958801
749,24.9000015259,55,20,11,0,-0.755710601807,11,64.5337600708,35.2440910339
750,25,60,25,12,0,-2.83009529114,12,64.6446533203,35.3553314209
751,25.0999984741,60,25,12,0,-2.83009529114,12,64.7559051514,35.4662284851
752,25.2000045776,60,25,12,0,-2.83009529114,12,64.8674926758,35.5767784119
753,25.3000030518,60,25,12,0,-2.83009529114,12,64.9794387817,35.6869773865
754,25.4000015259,60,25,12,0,-2.83009529114,12,65.0917282104,35.7968215942
755,25.5,60,25,12,0,-2.83009529114,12,65.2043533325,35.9063072205
756,25.5999984741,60,25,12,0,-2.83009529114,12,65.3173294067,36.0154457092
757,25.7000045776,60,25,12,0,-2.83009529114,12,65.4306488037,36.1242256165
758,25.8000030518,60,25,12,0,-2.83009529114,12,65.544303894,36.2326545715
759,25.9000015259,60,25,12,0,-2.83009529114,12,65.6583099365,36.3407211304
760,26,60,25,12,0,-2.83009529114,12,65.7726364136,36.4484214783
761,26.0999984741,60,25,12,0,-2.83009529114,12,65.8873138428,36.5557746887
762,26.2000045776,60,25,12,0,-2.83009529114,12,66.0023269653,36.6627616882
763,26.3000030518,60,25,12,0,-2.83009529114,12,66.1176757812,36.7693901062
764,26.4000015259,60,25,12,0,-2.83009529114,12,66.2333602905,36.8756523132
765,26.5,60,25,12,0,-2.83009529114,12,66.3493652344,36.9815483093
766,26.5999984741,60,25,12,0,-2.83009529114,12,66.465713501,37.0870819092
767,26.7000045776,60,25,12,0,-2.83009529114,12,66.5823974609,37.1922531128
768,26.8000030518,60,25,12,0,-2.83009529114,12,66.6994018555,37.2970542908
769,26.9000015259,60,25,12,0,-2.83009529114,12,66.8167419434,37.4014892578
770,27,60,25,12,0,-2.83009529114,12,66.9343948364,37.5055465698
771,27.0999984741,60,25,12,0,-2.83009529114,12,67.0523910522,37.6092414856
772,27.2000045776,60,25,12,0,-2.83009529114,12,67.1707077026,37.7125663757
773,27.3000030518,60,25,12,0,-2.83009529114,12,67.289352417,37.8155174255
774,27.4000015259,60,25,12,0,-2.83009529114,12,67.4083099365,37.918094635
775,27.5,60,25,12,0,-2.83009529114,12,67.5275878906,38.0202903748
776,27.5999984741,60,25,12,0,-2.83009529114,12,67.6471939087,38.1221199036
777,27.7000045776,60,25,12,0,-2.83009529114,12,67.7671203613,38.2235717773
778,27.8000030518,60,25,12,0,-2.83009529114,12,67.8873672485,38.3246498108
779,27.9000015259,60,25,12,0,-2.83009529114,12,68.0079193115,38.4253387451
780,28,60,25,12,0,-2.83009529114,12,68.1287918091,38.5256576538
781,28.0999984741,60,25,12,0,-2.83009529114,12,68.2499847412,38.6255912781
782,28.2000045776,60,25,12,0,-2.83009529114,12,68.3714904785,38.725151062
783,28.3000030518,60,25,12,0,-2.83009529114,12,68.4933013916,38.8243217468
784,28.4000015259,60,25,12,0,-2.83009529114,12,68.6154251099,38.9231071472
785,28.5,60,25,12,0,-2.83009529114,12,68.7378616333,39.0215110779
786,28.5999984741,60,25,12,0,-2.83009529114,12,68.8606033325,39.1195373535
787,28.7000045776,60,25,12,0,-2.83009529114,12,68.9836578369,39.2171707153
788,28.8000030518,60,25,12,0,-2.83009529114,12,69.1070175171,39.3144187927
789,28.9000015259,60,25,12,0,-2.83009529114,12,69.2306747437,39.4112739563
790,29,60,25,12,0,-2.83009529114,12,69.354637146,39.5077438354
791,29.0999984741,60,25,12,0,-2.83009529114,12,69.4789123535,39.6038246155
792,29.2000045776,60,25,12,0,-2.83009529114,12,69.6034851074,39.6995162964
793,29.3000030518,60,25,12,0,-2.83009529114,12,69.7283554077,39.7948150635
794,29.4000015259,60,25,12,0,-2.83009529114,12,69.853515625,39.8897132874
795,29.5,60,25,12,0,-2.83009529114,12,69.9789810181,39.9842262268
796,29.5999984741,60,25,12,0,-2.83009529114,12,70.1047439575,40.0783462524
797,29.7000045776,60,25,12,0,-2.83009529114,12,70.2308044434,40.1720657349
798,29.8000030518,60,25,12,0,-2.83009529114,12,70.3571624756,40.2653923035
799,29.9000015259,60,25,12,0,-2.83009529114,12,70.483795166,40.3583145142
800,30,65,30,13,0,-3.90227794647,13,70.6107254028,40.450843811
801,30.0999984741,65,30,13,0,-3.90227794647,13,70.7379608154,40.5429763794
802,30.2000045776,65,30,13,0,-3.90227794647,13,70.8654708862,40.6347084045
803,30.3000030518,65,30,13,0,-3.90227794647,13,70.9932785034,40.7260360718
804,30.4000015259,65,30,13,0,-3.90227794647,13,71.1213531494,40.8169555664
805,30.5,65,30,13,0,-3.90227794647,13,71.2497329712,40.9074821472
806,30.5999984741,65,30,13,0,-3.90227794647,13,71.3783874512,40.9976005554
807,30.7000045776,65,30,13,0,-3.90227794647,13,71.5073318481,41.0873184204
808,30.8000030518,65,30,13,0,-3.90227794647,13,71.6365509033,41.1766281128
809,30.9000015259,65,30,13,0,-3.90227794647,13,71.7660446167,41.2655258179
810,31,65,30,13,0,-3.90227794647,13,71.8958206177,41.3540229797
811,31.0999984741,65,30,13,0,-3.90227794647,13,72.0258865356,41.4421157837
812,31.2000045776,65,30,13,0,-3.90227794647,13,72.1562194824,41.5297927856
813,31.3000030518,65,30,13,0,-3.90227794647,13,72.2868118286,41.6170578003
814,31.4000015259,65,30,13,0,-3.90227794647,13,72.4176940918,41.7039146423
815,31.5,65,30,13,0,-3.90227794647,13,72.5488510132,41.7903633118
816,31.5999984741,65,30,13,0,-3.90227794647,13,72.6802749634,41.8763999939
817,31.7000045776,65,30,13,0,-3.90227794647,13,72.8119735718,41.962020874
818,31.8000030518,65,30,13,0,-3.90227794647,13,72.9439239502,42.0472221375
819,31.9000015259,65,30,13,0,-3.90227794647,13,73.0761566162,42.1320152283
820,32,65,30,13,0,-3.90227794647,13,73.208656311,42.2163925171
821,32.0999984741,65,30,13,0,-3.90227794647,13,73.3414154053,42.3003540039
822,32.2000045776,65,30,13,0,-3.90227794647,13,73.4744338989,42.383895874
823,32.3000030518,65,30,13,0,-3.90227794647,13,73.607711792,42.4670143127
824,32.4000015259,65,30,13,0,-3.90227794647,13,73.7412567139,42.5497169495
825,32.5,65,30,13,0,-3.90227794647,13,73.8750686646,42.6320037842
826,32.5999984741,65,30,13,0,-3.90227794647,13,74.0091323853,42.7138671875
827,32.7000045776,65,30,13,0,-3.90227794647,13,74.143447876,42.7953109741
828,32.8000030518,65,30,13,0,-3.90227794647,13,74.2780151367,42.8763275146
829,32.9000015259,65,30,13,0,-3.90227794647,13,74.4128417969,42.9569244385
830,33,65,30,13,0,-3.90227794647,13,74.5479202271,43.0370979309
831,33.0999984741,65,30,13,0,-3.90227794647,13,74.6832580566,43.1168479919
832,33.2000045776,65,30,13,0,-3.90227794647,13,74.8188400269,43.1961669922
833,33.3000030518,65,30,13,0,-3.90227794647,13,74.9546585083,43.275062561
834,33.4000015259,65,30,13,0,-3.90227794647,13,75.0907363892,43.3535308838
835,33.5,65,30,13,0,-3.90227794647,13,75.2270584106,43.4315719604
836,33.5999984741,65,30,13,0,-3.90227794647,13,75.3636322021,43.509185791
837,33.7000045776,65,30,13,0,-3.90227794647,13,75.5004425049,43.5863685608
838,33.8000030518,65,30,13,0,-3.90227794647,13,75.6374816895,43.6631164551
839,33.9000015259,65,30,13,0,-3.90227794647,13,75.7747802734,43.739440918
840,34,65,30,13,0,-3.90227794647,13,75.9123077393,43.8153305054
841,34.0999984741,65,30,13,0,-3.90227794647,13,76.0500793457,43.890789032
842,34.2000045776,65,30,13,0,-3.90227794647,13,76.1880874634,43.9658126831
843,34.3000030518,65,30,13,0,-3.90227794647,13,76.3263168335,44.0404014587
844,34.4000015259,65,30,13,0,-3.90227794647,13,76.4647979736,44.1145553589
845,34.5,65,30,13,0,-3.90227794647,13,76.6035003662,44.1882781982
846,34.5999984741,65,30,13,0,-3.90227794647,13,76.7424468994,44.2615623474
847,34.7000045776,65,30,13,0,-3.90227794647,13,76.8815994263,44.3344039917
848,34.8000030518,65,30,13,0,-3.90227794647,13,77.0209960938,44.4068145752
849,34.9000015259,65,30,13,0,-3.90227794647,13,77.1606216431,44.4787902832
850,35,65,35,13,0,-0.502524375916,13,77.3004684448,44.5503234863
851,35.0999984741,65,35,13,0,-0.502524375916,13,77.4405441284,44.6214179993
852,35.2000045776,65,35,13,0,-0.502524375916,13,77.5808258057,44.6920661926
853,35.3000030518,65,35,13,0,-0.502524375916,13,77.7213439941,44.7622756958
854,35.4000015259,65,35,13,0,-0.502524375916,13,77.8620834351,44.8320465088
855,35.5,65,35,13,0,-0.502524375916,13,78.003036499,44.9013786316
856,35.5999984741,65,35,13,0,-0.502524375916,13,78.1442108154,44.9702606201
857,35.7000045776,65,35,13,0,-0.502524375916,13,78.2855834961,45.0386962891
858,35.8000030518,65,35,13,0,-0.502524375916,13,78.4271850586,45.1066932678
859,35.9000015259,65,35,13,0,-0.502524375916,13,78.5690002441,45.174243927
860,36,65,35,13,0,-0.502524375916,13,78.7110290527,45.2413482666
861,36.0999984741,65,35,13,0,-0.502524375916,13,78.853263855,45.3080101013
862,36.2000045776,65,35,13,0,-0.502524375916,13,78.9957046509,45.3742141724
863,36.3000030518,65,35,13,0,-0.502524375916,13,79.1383514404,45.4399795532
864,36.4000015259,65,35,13,0,-0.502524375916,13,79.281211853,45.5052947998
865,36.5,65,35,13,0,-0.502524375916,13,79.4242782593,45.5701637268
866,36.5999984741,65,35,13,0,-0.502524375916,13,79.5675430298,45.6345787048
867,36.7000045776,65,35,13,0,-0.502524375916,13,79.7109985352,45.6985397339
868,36.8000030518,65,35,13,0,-0.502524375916,13,79.8546676636,45.7620544434
869,36.9000015259,65,35,13,0,-0.502524375916,13,79.9985351562,45.8251190186
870,37,65,35,13,0,-0.502524375916,13,80.1426010132,45.8877296448
871,37.0999984741,65,35,13,0,-0.502524375916,13,80.2868652344,45.9498901367
872,37.2000045776,65,35,13,0,-0.502524375916,13,80.4313049316,46.0115890503
873,37.3000030518,65,35,13,0,-0.502524375916,13,80.575958252,46.0728378296
874,37.4000015259,65,35,13,0,-0.502524375916,13,80.7207946777,46.1336326599
875,37.5,65,35,13,0,-0.502524375916,13,80.8658218384,46.1939735413
876,37.5999984741,65,35,13,0,-0.502524375916,13,81.0110321045,46.2538528442
877,37.7000045776,65,35,13,0,-0.502524375916,13,81.1564407349,46.3132820129
878,37.8000030518,65,35,13,0,-0.502524375916,13,81.3020324707,46.3722572327
879,37.9000015259,65,35,13,0,-0.502524375916,13,81.447807312,46.4307670593
880,38,65,35,13,0,-0.502524375916,13,81.5937652588,46.488822937
881,38.0999984741,65,35,13,0,-0.502524375916,13,81.7398986816,46.5464134216
882,38.2000045776,65,35,13,0,-0.502524375916,13,81.8862228394,46.6035499573
883,38.3000030518,65,35,13,0,-0.502524375916,13,82.0327224731,46.6602287292
884,38.4000015259,65,35,13,0,-0.502524375916,13,82.179397583,46.7164459229
885,38.5,65,35,13,0,-0.502524375916,13,82.3262557983,46.7722015381
886,38.5999984741,65,35,13,0,-0.502524375916,13,82.473274231,46.8274879456
887,38.7000045776,65,35,13,0,-0.502524375916,13,82.620475769,46.8823242188
888,38.8000030518,65,35,13,0,-0.502524375916,13,82.7678451538,46.9366912842
889,38.9000015259,65,35,13,0,-0.502524375916,13,82.9153900146,46.9905929565
890,39,65,35,13,0,-0.502524375916,13,83.0631027222,47.0440368652
891,39.0999984741,65,35,13,0,-0.502524375916,13,83.2109680176,47.0970077515
892,39.2000045776,65,35,13,0,-0.502524375916,13,83.3590164185,47.1495246887
893,39.3000030518,65,35,13,0,-0.502524375916,13,83.5072250366,47.2015724182
894,39.4000015259,65,35,13,0,-0.502524375916,13,83.6555938721,47.2531509399
895,39.5,65,35,13,0,-0.502524375916,13,83.8041229248,47.3042678833
896,39.5999984741,65,35,13,0,-0.502524375916,13,83.9528045654,47.3549079895
897,39.7000045776,65,35,13,0,-0.502524375916,13,84.1016616821,47.405090332
898,39.8000030518,65,35,13,0,-0.502524375916,13,84.2506637573,47.4548034668
899,39.9000015259,65,35,13,0,-0.502524375916,13,84.3998260498,47.5040512085
900,40,75,40,15,0,-2.83009529114,15,84.5491485596,47.5528259277
901,40.0999984741,75,40,15,0,-2.83009529114,15,84.6986083984,47.6011276245
902,40.2000045776,75,40,15,0,-2.83009529114,15,84.8482284546,47.6489639282
903,40.3000030518,75,40,15,0,-2.83009529114,15,84.9980010986,47.6963310242
904,40.4000015259,75,40,15,0,-2.83009529114,15,85.1479187012,47.7432250977
905,40.5,75,40,15,0,-2.83009529114,15,85.2979812622,47.7896499634
906,40.5999984741,75,40,15,0,-2.83009529114,15,85.4481811523,47.8356018066
907,40.7000045776,75,40,15,0,-2.83009529114,15,85.5985336304,47.8810806274
908,40.8000030518,75,40,15,0,-2.83009529114,15,85.7490310669,47.9260864258
909,40.9000015259,75,40,15,0,-2.83009529114,15,85.8996658325,47.9706230164
910,41,75,40,15,0,-2.83009529114,15,86.0504302979,48.0146789551
911,41.0999984741,75,40,15,0,-2.83009529114,15,86.2013473511,48.0582695007
912,41.2000045776,75,40,15,0,-2.83009529114,15,86.352394104,48.1013793945
913,41.3000030518,75,40,15,0,-2.83009529114,15,86.503578186,48.1440200806
914,41.4000015259,75,40,15,0,-2.83009529114,15,86.6548995972,48.1861839294
915,41.5,75,40,15,0,-2.83009529114,15,86.8063354492,48.2278671265
916,41.5999984741,75,40,15,0,-2.83009529114,15,86.9579162598,48.269077301
917,41.7000045776,75,40,15,0,-2.83009529114,15,87.1096191406,48.3098144531
918,41.8000030518,75,40,15,0,-2.83009529114,15,87.2614593506,48.3500709534
919,41.9000015259,75,40,15,0,-2.83009529114,15,87.4134216309,48.3898544312
920,42,75,40,15,0,-2.83009529114,15,87.5654907227,48.4291534424
921,42.0999984741,75,40,15,0,-2.83009529114,15,87.7176971436,48.4679832458
922,42.2000045776,75,40,15,0,-2.83009529114,15,87.8700332642,48.5063285828
923,42.3000030518,75,40,15,0,-2.83009529114,15,88.0224761963,48.5441970825
924,42.4000015259,75,40,15,0,-2.83009529114,15,88.1750488281,48.5815849304
925,42.5,75,40,15,0,-2.83009529114,15,88.3277206421,48.6184921265
926,42.5999984741,75,40,15,0,-2.83009529114,15,88.4805221558,48.6549224854
927,42.7000045776,75,40,15,0,-2.83009529114,15,88.633430481,48.6908721924
928,42.8000030518,75,40,15,0,-2.83009529114,15,88.7864532471,48.7263412476
929,42.9000015259,75,40,15,0,-2.83009529114,15,88.9395904541,48.7613334656
930,43,75,40,15,0,-2.83009529114,15,89.0928268433,48.7958335876
931,43.0999984741,75,40,15,0,-2.83009529114,15,89.2461776733,48.8298606873
932,43.2000045776,75,40,15,0,-2.83009529114,15,89.3996353149,48.8634033203
933,43.3000030518,75,40,15,0,-2.83009529114,15,89.5531997681,48.8964653015
934,43.4000015259,75,40,15,0,-2.83009529114,15,89.7068634033,48.9290428162
935,43.5,75,40,15,0,-2.83009529114,15,89.8606262207,48.961139679
936,43.5999984741,75,40,15,0,-2.83009529114,15,90.0144882202,48.9927482605
937,43.7000045776,75,40,15,0,-2.83009529114,15,90.1684570312,49.0238800049
938,43.8000030518,75,40,15,0,-2.83009529114,15,90.3225250244,49.054523468
939,43.9000015259,75,40,15,0,-2.83009529114,15,90.4766845703,49.0846862793
940,44,75,40,15,0,-2.83009529114,15,90.6309204102,49.1143608093
941,44.0999984741,75,40,15,0,-2.83009529114,15,90.7852706909,49.1435546875
942,44.2000045776,75,40,15,0,-2.83009529114,15,90.939704895,49.1722564697
943,44.3000030518,75,40,15,0,-2.83009529114,15,91.0942306519,49.2004814148
944,44.4000015259,75,40,15,0,-2.83009529114,15,91.2488327026,49.2282142639
945,44.5,75,40,15,0,-2.83009529114,15,91.4035339355,49.2554626465
946,44.5999984741,75,40,15,0,-2.83009529114,15,91.5583190918,49.2822303772
947,44.7000045776,75,40,15,0,-2.83009529114,15,91.7131881714,49.308506012
948,44.8000030518,75,40,15,0,-2.83009529114,15,91.8681411743,49.3342971802
949,44.9000015259,75,40,15,0,-2.83009529114,15,92.0231552124,49.3596000671
950,45,80,45,16,0,-0.755710601807,16,92.1782684326,49.3844146729
951,45.0999984741,80,45,16,0,-0.755710601807,16,92.3334503174,49.408744812
952,45.2000045776,80,45,16,0,-0.755710601807,16,92.4887161255,49.4325866699
953,45.3000030518,80,45,16,0,-0.755710601807,16,92.6440505981,49.4559402466
954,45.4000015259,80,45,16,0,-0.755710601807,16,92.799446106,49.478805542
955,45.5,80,45,16,0,-0.755710601807,16,92.9549255371,49.5011825562
956,45.5999984741,80,45,16,0,-0.755710601807,16,93.1104736328,49.5230712891
957,45.7000045776,80,45,16,0,-0.755710601807,16,93.2660980225,49.5444717407
958,45.8000030518,80,45,16,0,-0.755710601807,16,93.4217758179,49.5653800964
959,45.9000015259,80,45,16,0,-0.755710601807,16,93.5775146484,49.5858001709
960,46,80,45,16,0,-0.755710601807,16,93.7333297729,49.6057319641
961,46.0999984741,80,45,16,0,-0.755710601807,16,93.8891983032,49.6251754761
962,46.2000045776,80,45,16,0,-0.755710601807,16,94.045135498,49.6441307068
963,46.3000030518,80,45,16,0,-0.755710601807,16,94.2011260986,49.6625938416
964,46.4000015259,80,45,16,0,-0.755710601807,16,94.357170105,49.6805648804
965,46.5,80,45,16,0,-0.755710601807,16,94.5132751465,49.6980476379
966,46.5999984741,80,45,16,0,-0.755710601807,16,94.6694335938,49.7150382996
967,46.7000045776,80,45,16,0,-0.755710601807,16,94.8256454468,49.7315406799
968,46.8000030518,80,45,16,0,-0.755710601807,16,94.9819107056,49.7475509644
969,46.9000015259,80,45,16,0,-0.755710601807,16,95.1382141113,49.7630691528
970,47,80,45,16,0,-0.755710601807,16,95.2945709229,49.7780990601
971,47.0999984741,80,45,16,0,-0.755710601807,16,95.4509811401,49.7926368713
972,47.2000045776,80,45,16,0,-0.755710601807,16,95.6074371338,49.8066825867
973,47.3000030518,80,45,16,0,-0.755710601807,16,95.7639312744,49.8202362061
974,47.4000015259,80,45,16,0,-0.755710601807,16,95.9204559326,49.8332939148
975,47.5,80,45,16,0,-0.755710601807,16,96.0770339966,49.845867157
976,47.5999984741,80,45,16,0,-0.755710601807,16,96.2336502075,49.8579444885
977,47.7000045776,80,45,16,0,-0.755710601807,16,96.3903045654,49.8695297241
978,47.8000030518,80,45,16,0,-0.755710601807,16,96.5469818115,49.8806228638
979,47.9000015259,80,45,16,0,-0.755710601807,16,96.703704834,49.8912277222
980,48,80,45,16,0,-0.755710601807,16,96.8604660034,49.9013366699
981,48.0999984741,80,45,16,0,-0.755710601807,16,97.017250061,49.9109535217
982,48.2000045776,80,45,16,0,-0.755710601807,16,97.1740722656,49.9200744629
983,48.3000030518,80,45,16,0,-0.755710601807,16,97.3309020996,49.9287071228
984,48.4000015259,80,45,16,0,-0.755710601807,16,97.4877700806,49.9368476868
985,48.5,80,45,16,0,-0.755710601807,16,97.6446685791,49.9444923401
986,48.5999984741,80,45,16,0,-0.755710601807,16,97.8015899658,49.9516448975
987,48.7000045776,80,45,16,0,-0.755710601807,16,97.9585266113,49.9583053589
988,48.8000030518,80,45,16,0,-0.755710601807,16,98.1154785156,49.9644737244
989,48.9000015259,80,45,16,0,-0.755710601807,16,98.2724533081,49.9701461792
990,49,80,45,16,0,-0.755710601807,16,98.4294509888,49.9753265381
991,49.0999984741,80,45,16,0,-0.755710601807,16,98.5864639282,49.980014801
992,49.2000045776,80,45,16,0,-0.755710601807,16,98.7434921265,49.984210968
993,49.3000030518,80,45,16,0,-0.755710601807,16,98.9005203247,49.9879074097
994,49.4000015259,80,45,16,0,-0.755710601807,16,99.0575637817,49.9911155701
995,49.5,80,45,16,0,-0.755710601807,16,99.2146224976,49.9938316345
996,49.5999984741,80,45,16,0,-0.755710601807,16,99.3716888428,49.9960517883
997,49.7000045776,80,45,16,0,-0.755710601807,16,99.5287628174,49.9977798462
998,49.8000030518,80,45,16,0,-0.755710601807,16,99.6858291626,49.9990119934
999,49.9000015259,80,45,16,0,-0.755710601807,16,99.8429107666,49.9997520447

