kernel;n_rays;time;Rps;Rps/Eur;Rps/W;n_blocks;n_threads
OpenVDB;64;0.00119719;53458.7;16.2488;356.391;1;1
NanoVDB_CPU;64;0.000648692;98660.1;29.9879;657.734;1;1
NanoVDB_GPU;64;9.9228e-05;644979;257.992;9213.99;256;256
OpenVDB;64;0.000269983;237052;72.0523;1580.35;1;1
NanoVDB_CPU;64;2.0801e-05;3.07678e+06;935.19;20511.8;1;1
NanoVDB_GPU;64;9.4914e-05;674295;269.718;9632.78;256;256
OpenVDB;64;0.000273495;234008;71.127;1560.05;1;1
NanoVDB_CPU;64;2.2143e-05;2.8903e+06;878.512;19268.7;1;1
NanoVDB_GPU;64;8.889e-05;719991;287.996;10285.6;256;256
OpenVDB;81;0.000274747;294817;89.6099;1965.44;1;1
NanoVDB_CPU;81;0.00160792;50375.6;15.3117;335.837;1;1
NanoVDB_GPU;81;0.000187795;431321;172.529;6161.73;256;256
OpenVDB;100;0.00028002;357117;108.546;2380.78;1;1
NanoVDB_CPU;100;0.000688319;145281;44.1585;968.543;1;1
NanoVDB_GPU;100;0.00014745;678196;271.278;9688.51;256;256
OpenVDB;100;0.000255021;392125;119.187;2614.16;1;1
NanoVDB_CPU;100;3.7822e-05;2.64396e+06;803.636;17626.4;1;1
NanoVDB_GPU;100;0.000145868;685551;274.221;9793.59;256;256
OpenVDB;121;0.000279781;432481;131.453;2883.21;1;1
NanoVDB_CPU;121;0.00151142;80057.2;24.3335;533.714;1;1
NanoVDB_GPU;121;0.000214226;564824;225.93;8068.92;256;256
OpenVDB;121;0.000265543;455670;138.502;3037.8;1;1
NanoVDB_CPU;121;4.2146e-05;2.87097e+06;872.636;19139.8;1;1
NanoVDB_GPU;121;0.000214251;564758;225.903;8067.97;256;256
OpenVDB;144;0.000290846;495107;150.489;3300.72;1;1
NanoVDB_CPU;144;0.000294909;488286;148.415;3255.24;1;1
NanoVDB_GPU;144;8.7996e-05;1.63644e+06;654.575;23377.7;256;256
OpenVDB;169;0.000276629;610927;185.692;4072.84;1;1
NanoVDB_CPU;169;0.00123045;137348;41.7472;915.656;1;1
NanoVDB_GPU;169;0.000219294;770655;308.262;11009.4;256;256
OpenVDB;196;0.000275851;710529;215.966;4736.86;1;1
NanoVDB_CPU;196;0.000361634;541984;164.737;3613.23;1;1
NanoVDB_GPU;196;0.000144945;1.35224e+06;540.895;19317.7;256;256
OpenVDB;196;0.000253491;773203;235.016;5154.69;1;1
NanoVDB_CPU;196;3.5289e-05;5.55414e+06;1688.19;37027.6;1;1
NanoVDB_GPU;196;0.000135265;1.44901e+06;579.603;20700.1;256;256
OpenVDB;225;0.000271517;828677;251.878;5524.52;1;1
NanoVDB_CPU;225;0.000778552;288998;87.8413;1926.65;1;1
NanoVDB_GPU;225;0.000235381;955897;382.359;13655.7;256;256
OpenVDB;256;0.000269711;949164;288.5;6327.76;1;1
NanoVDB_CPU;256;0.000189047;1.35416e+06;411.599;9027.74;1;1
NanoVDB_GPU;256;0.000143428;1.78487e+06;713.947;25498.1;256;256
OpenVDB;289;0.000268407;1.07672e+06;327.271;7178.15;1;1
NanoVDB_CPU;289;0.00034218;844585;256.713;5630.56;1;1
NanoVDB_GPU;289;0.000230346;1.25463e+06;501.854;17923.3;256;256
OpenVDB;324;0.000249286;1.29971e+06;395.049;8664.75;1;1
NanoVDB_CPU;324;7.1912e-05;4.50551e+06;1369.45;30036.7;1;1
NanoVDB_GPU;324;0.000188355;1.72016e+06;688.062;24573.7;256;256
OpenVDB;361;0.000253339;1.42497e+06;433.121;9499.79;1;1
NanoVDB_CPU;361;0.000178748;2.0196e+06;613.861;13464;1;1
NanoVDB_GPU;361;0.000261823;1.37879e+06;551.518;19697.1;256;256
OpenVDB;441;0.000292042;1.51006e+06;458.984;10067;1;1
NanoVDB_CPU;441;0.000154519;2.85402e+06;867.483;19026.8;1;1
NanoVDB_GPU;441;0.000255064;1.72898e+06;691.591;24699.7;256;256
OpenVDB;484;0.000282614;1.71258e+06;520.542;11417.2;1;1
NanoVDB_CPU;484;5.72e-05;8.46154e+06;2571.9;56410.3;1;1
NanoVDB_GPU;484;0.000235314;2.05683e+06;822.73;29383.2;256;256
OpenVDB;529;0.000266861;1.98231e+06;602.524;13215.4;1;1
NanoVDB_CPU;529;0.000121546;4.35226e+06;1322.88;29015.1;1;1
NanoVDB_GPU;529;0.000290589;1.82044e+06;728.176;26006.3;256;256
OpenVDB;576;0.000261144;2.20568e+06;670.419;14704.5;1;1
NanoVDB_CPU;576;6.6683e-05;8.63788e+06;2625.5;57585.9;1;1
NanoVDB_GPU;576;0.000212587;2.70948e+06;1083.79;38706.8;256;256
OpenVDB;676;0.000293748;2.30129e+06;699.481;15341.9;1;1
NanoVDB_CPU;676;6.7501e-05;1.00147e+07;3043.97;66764.4;1;1
NanoVDB_GPU;676;0.000241132;2.80344e+06;1121.38;40049.2;256;256
OpenVDB;729;0.000231036;3.15535e+06;959.074;21035.7;1;1
NanoVDB_CPU;729;0.000133056;5.4789e+06;1665.32;36526;1;1
NanoVDB_GPU;729;0.00030701;2.37452e+06;949.806;33921.6;256;256
OpenVDB;841;0.000296998;2.83167e+06;860.69;18877.8;1;1
NanoVDB_CPU;841;0.000103557;8.12113e+06;2468.43;54140.9;1;1
NanoVDB_GPU;841;0.0005457;1.54114e+06;616.456;22016.3;256;256
OpenVDB;961;0.000265143;3.62446e+06;1101.66;24163.1;1;1
NanoVDB_CPU;961;5.9369e-05;1.61869e+07;4920.03;107913;1;1
NanoVDB_GPU;961;0.000537457;1.78805e+06;715.22;25543.6;256;256
OpenVDB;1089;0.000246347;4.42059e+06;1343.65;29470.6;1;1
NanoVDB_CPU;1089;8.2117e-05;1.32616e+07;4030.87;88410.4;1;1
NanoVDB_GPU;1089;0.0005733;1.89953e+06;759.812;27136.1;256;256
OpenVDB;1225;0.000228381;5.36384e+06;1630.35;35759;1;1
NanoVDB_CPU;1225;0.0083678;146395;44.4968;975.964;1;1
NanoVDB_GPU;1225;0.000546256;2.24254e+06;897.015;32036.3;256;256
OpenVDB;1369;0.000257772;5.31089e+06;1614.25;35406;1;1
NanoVDB_CPU;1369;0.000109313;1.25237e+07;3806.59;83491.1;1;1
NanoVDB_GPU;1369;0.000562851;2.43226e+06;972.904;34746.6;256;256
OpenVDB;1521;0.000244224;6.22789e+06;1892.98;41519.3;1;1
NanoVDB_CPU;1521;8.8719e-05;1.7144e+07;5210.95;114293;1;1
NanoVDB_GPU;1521;0.000558395;2.72388e+06;1089.55;38912.5;256;256
OpenVDB;1681;0.000259399;6.48036e+06;1969.72;43202.4;1;1
NanoVDB_CPU;1681;9.1072e-05;1.84579e+07;5610.31;123053;1;1
NanoVDB_GPU;1681;0.000530724;3.16737e+06;1266.95;45248.2;256;256
OpenVDB;1936;0.000265956;7.2794e+06;2212.58;48529.3;1;1
NanoVDB_CPU;1936;0.000106088;1.8249e+07;5546.81;121660;1;1
NanoVDB_GPU;1936;0.000506886;3.8194e+06;1527.76;54562.8;256;256
OpenVDB;2116;0.000280368;7.54722e+06;2293.99;50314.8;1;1
NanoVDB_CPU;2116;0.000104044;2.03375e+07;6181.63;135584;1;1
NanoVDB_GPU;2116;0.000512533;4.12851e+06;1651.41;58978.8;256;256
OpenVDB;2401;0.000286106;8.39199e+06;2550.76;55946.6;1;1
NanoVDB_CPU;2401;0.000135807;1.76795e+07;5373.71;117863;1;1
NanoVDB_GPU;2401;0.000560737;4.28186e+06;1712.75;61169.5;256;256
OpenVDB;2704;0.000313176;8.63412e+06;2624.35;57560.8;1;1
NanoVDB_CPU;2704;0.000131997;2.04853e+07;6226.54;136569;1;1
NanoVDB_GPU;2704;0.000513435;5.26649e+06;2106.6;75235.6;256;256
OpenVDB;3025;0.000334368;9.04692e+06;2749.82;60312.8;1;1
NanoVDB_CPU;3025;0.000170833;1.77074e+07;5382.17;118049;1;1
NanoVDB_GPU;3025;0.000589741;5.12937e+06;2051.75;73276.7;256;256
OpenVDB;3364;0.000349994;9.61159e+06;2921.46;64077.3;1;1
NanoVDB_CPU;3364;0.000170026;1.97852e+07;6013.74;131901;1;1
NanoVDB_GPU;3364;0.000535496;6.28203e+06;2512.81;89743.2;256;256
OpenVDB;3721;0.00227612;1.6348e+06;496.899;10898.7;1;1
NanoVDB_CPU;3721;0.000173984;2.1387e+07;6500.62;142580;1;1
NanoVDB_GPU;3721;0.000550844;6.75509e+06;2702.04;96501.3;256;256
OpenVDB;4225;0.000432543;9.76781e+06;2968.94;65118.8;1;1
NanoVDB_CPU;4225;0.000223672;1.88893e+07;5741.42;125928;1;1
NanoVDB_GPU;4225;0.000551551;7.66022e+06;3064.09;109432;256;256
OpenVDB;4761;0.000426563;1.11613e+07;3392.49;74408.7;1;1
NanoVDB_CPU;4761;0.000210701;2.2596e+07;6868.09;150640;1;1
NanoVDB_GPU;4761;0.000567356;8.39156e+06;3356.62;119879;256;256
OpenVDB;5329;0.000447196;1.19165e+07;3622.03;79443.2;1;1
NanoVDB_CPU;5329;0.000258986;2.05764e+07;6254.23;137176;1;1
NanoVDB_GPU;5329;0.000565224;9.42812e+06;3771.25;134687;256;256
OpenVDB;5929;0.000482202;1.22957e+07;3737.29;81971.2;1;1
NanoVDB_CPU;5929;0.000262384;2.25967e+07;6868.28;150644;1;1
NanoVDB_GPU;5929;0.000605133;9.79785e+06;3919.14;139969;256;256
OpenVDB;6724;0.000541743;1.24118e+07;3772.58;82745.3;1;1
NanoVDB_CPU;6724;0.000298525;2.25241e+07;6846.22;150161;1;1
NanoVDB_GPU;6724;0.000553956;1.21381e+07;4855.26;173402;256;256
OpenVDB;7569;0.000615488;1.22976e+07;3737.86;81983.7;1;1
NanoVDB_CPU;7569;0.000340294;2.22425e+07;6760.65;148284;1;1
NanoVDB_GPU;7569;0.00058305;1.29817e+07;5192.69;185453;256;256
OpenVDB;8464;0.00064762;1.30694e+07;3972.46;87129.3;1;1
NanoVDB_CPU;8464;0.000336567;2.5148e+07;7643.78;167654;1;1
NanoVDB_GPU;8464;0.000546176;1.54968e+07;6198.73;221383;256;256
OpenVDB;9409;0.000695366;1.3531e+07;4112.77;90206.7;1;1
NanoVDB_CPU;9409;0.000415429;2.26489e+07;6884.16;150993;1;1
NanoVDB_GPU;9409;0.000572934;1.64225e+07;6568.99;234607;256;256
OpenVDB;10609;0.000724471;1.46438e+07;4451;97625.3;1;1
NanoVDB_CPU;10609;0.00042484;2.49718e+07;7590.2;166478;1;1
NanoVDB_GPU;10609;0.000583965;1.81672e+07;7266.87;259531;256;256
OpenVDB;11881;0.000844037;1.40764e+07;4278.54;93842.6;1;1
NanoVDB_CPU;11881;0.00047053;2.52502e+07;7674.85;168335;1;1
NanoVDB_GPU;11881;0.000581247;2.04405e+07;8176.21;292008;256;256
OpenVDB;13225;0.000873349;1.51429e+07;4602.69;100952;1;1
NanoVDB_CPU;13225;0.000515265;2.56664e+07;7801.34;171109;1;1
NanoVDB_GPU;13225;0.000598079;2.21125e+07;8844.99;315892;256;256
OpenVDB;14884;0.000966874;1.53939e+07;4679.01;102626;1;1
NanoVDB_CPU;14884;0.000574334;2.59152e+07;7876.97;172768;1;1
NanoVDB_GPU;14884;0.000574155;2.59233e+07;10369.3;370333;256;256
OpenVDB;16641;0.00106528;1.56213e+07;4748.11;104142;1;1
NanoVDB_CPU;16641;0.000632864;2.62947e+07;7992.32;175298;1;1
NanoVDB_GPU;16641;0.000594197;2.80059e+07;11202.3;400084;256;256
OpenVDB;18769;0.001188;1.57989e+07;4802.09;105326;1;1
NanoVDB_CPU;18769;0.000715796;2.62212e+07;7969.96;174808;1;1
NanoVDB_GPU;18769;0.000575182;3.26314e+07;13052.6;466163;256;256
OpenVDB;21025;0.00132029;1.59245e+07;4840.26;106163;1;1
NanoVDB_CPU;21025;0.000799211;2.63072e+07;7996.11;175381;1;1
NanoVDB_GPU;21025;0.000793543;2.64951e+07;10598;378501;256;256
OpenVDB;23409;0.00142718;1.64023e+07;4985.49;109348;1;1
NanoVDB_CPU;23409;0.00092335;2.53522e+07;7705.85;169015;1;1
NanoVDB_GPU;23409;0.000832271;2.81267e+07;11250.7;401809;256;256
OpenVDB;26244;0.00213032;1.23193e+07;3744.46;82128.5;1;1
NanoVDB_CPU;26244;0.0010015;2.62046e+07;7964.92;174697;1;1
NanoVDB_GPU;26244;0.000823226;3.18795e+07;12751.8;455421;256;256
OpenVDB;29584;0.00185696;1.59314e+07;4842.37;106209;1;1
NanoVDB_CPU;29584;0.00109662;2.69774e+07;8199.83;179850;1;1
NanoVDB_GPU;29584;0.000806278;3.66921e+07;14676.8;524172;256;256
OpenVDB;33124;0.0120018;2.75992e+06;838.881;18399.5;1;1
NanoVDB_CPU;33124;0.0158288;2.09264e+06;636.06;13950.9;1;1
NanoVDB_GPU;33124;0.000846512;3.913e+07;15652;559000;256;256
OpenVDB;37249;0.0122968;3.02917e+06;920.722;20194.5;1;1
NanoVDB_CPU;37249;0.0157453;2.36572e+06;719.065;15771.5;1;1
NanoVDB_GPU;37249;0.000845894;4.40351e+07;17614;629072;256;256
OpenVDB;41616;0.0125219;3.32346e+06;1010.17;22156.4;1;1
NanoVDB_CPU;41616;0.0157467;2.64284e+06;803.294;17618.9;1;1
NanoVDB_GPU;41616;0.00110855;3.7541e+07;15016.4;536300;256;256
OpenVDB;46656;0.0139129;3.35342e+06;1019.28;22356.2;1;1
NanoVDB_CPU;46656;0.00891567;5.23303e+06;1590.59;34886.9;1;1
NanoVDB_GPU;46656;0.00119527;3.90338e+07;15613.5;557625;256;256
OpenVDB;52441;0.0141805;3.6981e+06;1124.04;24654;1;1
NanoVDB_CPU;52441;0.0120012;4.36966e+06;1328.16;29131.1;1;1
NanoVDB_GPU;52441;0.00124408;4.21525e+07;16861;602179;256;256
OpenVDB;58564;0.0146533;3.99663e+06;1214.78;26644.2;1;1
NanoVDB_CPU;58564;0.0151613;3.86273e+06;1174.08;25751.5;1;1
NanoVDB_GPU;58564;0.00128844;4.54533e+07;18181.3;649333;256;256
OpenVDB;65536;0.0149773;4.37569e+06;1330;29171.3;1;1
NanoVDB_CPU;65536;0.0103975;6.30308e+06;1915.83;42020.5;1;1
NanoVDB_GPU;65536;0.00141007;4.64773e+07;18590.9;663961;256;256
OpenVDB;73441;0.015452;4.75286e+06;1444.64;31685.7;1;1
NanoVDB_CPU;73441;0.0122926;5.97443e+06;1815.94;39829.5;1;1
NanoVDB_GPU;73441;0.00154493;4.75367e+07;19014.7;679096;256;256
OpenVDB;82369;0.0157669;5.22418e+06;1587.9;34827.9;1;1
NanoVDB_CPU;82369;0.012195;6.75433e+06;2052.99;45028.8;1;1
NanoVDB_GPU;82369;0.00176583;4.66462e+07;18658.5;666374;256;256
OpenVDB;92416;0.00539566;1.71278e+07;5206.03;114186;1;1
NanoVDB_CPU;92416;0.00351781;2.62709e+07;7985.07;175139;1;1
NanoVDB_GPU;92416;0.00189292;4.8822e+07;19528.8;697456;256;256
OpenVDB;103684;0.00603338;1.71851e+07;5223.42;114567;1;1
NanoVDB_CPU;103684;0.00399437;2.59576e+07;7889.83;173050;1;1
NanoVDB_GPU;103684;0.00207998;4.98486e+07;19939.4;712122;256;256
OpenVDB;116281;0.0067229;1.72963e+07;5257.22;115308;1;1
NanoVDB_CPU;116281;0.00439162;2.64779e+07;8048;176519;1;1
NanoVDB_GPU;116281;0.00245449;4.73747e+07;18949.9;676782;256;256
OpenVDB;130321;0.00759066;1.71686e+07;5218.42;114457;1;1
NanoVDB_CPU;130321;0.019557;6.66367e+06;2025.43;44424.4;1;1
NanoVDB_GPU;130321;0.00267488;4.87202e+07;19488.1;696003;256;256
OpenVDB;145924;0.00856588;1.70355e+07;5177.96;113570;1;1
NanoVDB_CPU;145924;0.00559507;2.60808e+07;7927.3;173872;1;1
NanoVDB_GPU;145924;0.00305527;4.77614e+07;19104.6;682305;256;256
OpenVDB;163216;0.015987;1.02093e+07;3103.13;68061.9;1;1
NanoVDB_CPU;163216;0.00629042;2.59468e+07;7886.55;172978;1;1
NanoVDB_GPU;163216;0.00337093;4.84187e+07;19367.5;691696;256;256
OpenVDB;183184;0.0107933;1.6972e+07;5158.65;113146;1;1
NanoVDB_CPU;183184;0.00698677;2.62187e+07;7969.21;174791;1;1
NanoVDB_GPU;183184;0.00371757;4.92752e+07;19710.1;703932;256;256
OpenVDB;205209;0.0119546;1.71657e+07;5217.55;114438;1;1
NanoVDB_CPU;205209;0.00788574;2.60228e+07;7909.67;173485;1;1
NanoVDB_GPU;205209;0.00435577;4.7112e+07;18844.8;673028;256;256
OpenVDB;229441;0.0313993;7.30719e+06;2221.03;48714.6;1;1
NanoVDB_CPU;229441;0.0105704;2.17059e+07;6597.55;144706;1;1
NanoVDB_GPU;229441;0.00472906;4.85173e+07;19406.9;693104;256;256
OpenVDB;257049;0.0274891;9.35094e+06;2842.23;62339.6;1;1
NanoVDB_CPU;257049;0.0215575;1.19239e+07;3624.29;79492.7;1;1
NanoVDB_GPU;257049;0.0050275;5.11286e+07;20451.4;730408;256;256
OpenVDB;288369;0.0362902;7.9462e+06;2415.26;52974.7;1;1
NanoVDB_CPU;288369;0.0228696;1.26093e+07;3832.6;84061.7;1;1
NanoVDB_GPU;288369;0.00566787;5.08778e+07;20351.1;726826;256;256
OpenVDB;323761;0.0319054;1.01475e+07;3084.35;67650.2;1;1
NanoVDB_CPU;323761;0.0242896;1.33292e+07;4051.42;88861.2;1;1
NanoVDB_GPU;323761;0.0064106;5.0504e+07;20201.6;721486;256;256
OpenVDB;362404;0.0359374;1.00843e+07;3065.14;67228.8;1;1
NanoVDB_CPU;362404;0.0228953;1.58287e+07;4811.16;105525;1;1
NanoVDB_GPU;362404;0.00750419;4.82936e+07;19317.4;689908;256;256
OpenVDB;405769;0.0390752;1.03843e+07;3156.32;69228.7;1;1
NanoVDB_CPU;405769;0.0247259;1.64107e+07;4988.04;109404;1;1
NanoVDB_GPU;405769;0.0080981;5.01067e+07;20042.7;715810;256;256
OpenVDB;454276;0.0411459;1.10406e+07;3355.81;73604.1;1;1
NanoVDB_CPU;454276;0.0286316;1.58662e+07;4822.56;105775;1;1
NanoVDB_GPU;454276;0.00868821;5.22865e+07;20914.6;746950;256;256
OpenVDB;509796;0.0471116;1.0821e+07;3289.07;72140.2;1;1
NanoVDB_CPU;509796;0.0226126;2.25448e+07;6852.52;150299;1;1
NanoVDB_GPU;509796;0.00988334;5.15813e+07;20632.5;736876;256;256
OpenVDB;571536;0.0339404;1.68394e+07;5118.36;112263;1;1
NanoVDB_CPU;571536;0.0218801;2.61213e+07;7939.6;174142;1;1
NanoVDB_GPU;571536;0.0111589;5.1218e+07;20487.2;731686;256;256
OpenVDB;640000;0.0374132;1.71063e+07;5199.47;114042;1;1
NanoVDB_CPU;640000;0.0245253;2.60955e+07;7931.77;173970;1;1
NanoVDB_GPU;640000;0.0124814;5.12763e+07;20510.5;732519;256;256
OpenVDB;717409;0.0424168;1.69133e+07;5140.82;112755;1;1
NanoVDB_CPU;717409;0.0273592;2.62219e+07;7970.18;174813;1;1
NanoVDB_GPU;717409;0.0141079;5.08517e+07;20340.7;726453;256;256
OpenVDB;802816;0.0475565;1.68813e+07;5131.09;112542;1;1
NanoVDB_CPU;802816;0.0306911;2.6158e+07;7950.75;174387;1;1
NanoVDB_GPU;802816;0.0157297;5.10382e+07;20415.3;729117;256;256
OpenVDB;900601;0.0528081;1.70542e+07;5183.65;113695;1;1
NanoVDB_CPU;900601;0.034455;2.61385e+07;7944.83;174257;1;1
NanoVDB_GPU;900601;0.0175792;5.1231e+07;20492.4;731871;256;256
OpenVDB;1008016;0.0590143;1.70809e+07;5191.76;113873;1;1
NanoVDB_CPU;1008016;0.038653;2.60786e+07;7926.62;173857;1;1
NanoVDB_GPU;1008016;0.0195724;5.1502e+07;20600.8;735742;256;256
OpenVDB;1129969;0.0664788;1.69974e+07;5166.39;113316;1;1
NanoVDB_CPU;1129969;0.0443371;2.54859e+07;7746.46;169906;1;1
NanoVDB_GPU;1129969;0.0219854;5.13964e+07;20558.6;734234;256;256
OpenVDB;1265625;0.0758454;1.66869e+07;5072.01;111246;1;1
NanoVDB_CPU;1265625;0.0515223;2.45646e+07;7466.44;163764;1;1
NanoVDB_GPU;1265625;0.0245591;5.15339e+07;20613.6;736199;256;256
OpenVDB;1418481;0.0830043;1.70892e+07;5194.3;113928;1;1
NanoVDB_CPU;1418481;0.0540298;2.62537e+07;7979.85;175025;1;1
NanoVDB_GPU;1418481;0.027678;5.12493e+07;20499.7;732133;256;256
OpenVDB;1590121;0.0931504;1.70705e+07;5188.59;113803;1;1
NanoVDB_CPU;1590121;0.061048;2.60471e+07;7917.04;173647;1;1
NanoVDB_GPU;1590121;0.0309096;5.14443e+07;20577.7;734919;256;256
OpenVDB;1782225;0.104591;1.704e+07;5179.32;113600;1;1
NanoVDB_CPU;1782225;0.0683316;2.6082e+07;7927.66;173880;1;1
NanoVDB_GPU;1782225;0.0347554;5.1279e+07;20511.6;732558;256;256
OpenVDB;1996569;0.117087;1.7052e+07;5182.98;113680;1;1
NanoVDB_CPU;1996569;0.076612;2.60608e+07;7921.22;173739;1;1
NanoVDB_GPU;1996569;0.0386095;5.17119e+07;20684.8;738741;256;256
OpenVDB;2235025;0.132062;1.69241e+07;5144.1;112827;1;1
NanoVDB_CPU;2235025;0.0865224;2.58317e+07;7851.59;172212;1;1
NanoVDB_GPU;2235025;0.0438103;5.10159e+07;20406.4;728799;256;256
OpenVDB;2505889;0.161717;1.54955e+07;4709.89;103304;1;1
NanoVDB_CPU;2505889;0.0951564;2.63344e+07;8004.39;175563;1;1
NanoVDB_GPU;2505889;0.0486368;5.15225e+07;20609;736035;256;256
OpenVDB;2808976;0.16352;1.71782e+07;5221.34;114521;1;1
NanoVDB_CPU;2808976;0.107228;2.61962e+07;7962.36;174641;1;1
NanoVDB_GPU;2808976;0.0544003;5.16353e+07;20654.1;737648;256;256
OpenVDB;3147076;0.183927;1.71104e+07;5200.74;114070;1;1
NanoVDB_CPU;3147076;0.1202;2.61819e+07;7958.04;174546;1;1
NanoVDB_GPU;3147076;0.0611424;5.14713e+07;20588.5;735304;256;256
OpenVDB;3526884;0.301861;1.16838e+07;3551.3;77891.9;1;1
NanoVDB_CPU;3526884;0.185929;1.89689e+07;5765.63;126460;1;1
NanoVDB_GPU;3526884;0.0682785;5.16544e+07;20661.8;737920;256;256
OpenVDB;3948169;0.231672;1.70421e+07;5179.96;113614;1;1
NanoVDB_CPU;3948169;0.150185;2.62887e+07;7990.48;175258;1;1
NanoVDB_GPU;3948169;0.0765059;5.16061e+07;20642.4;737229;256;256
OpenVDB;4426816;0.269014;1.64557e+07;5001.74;109705;1;1
NanoVDB_CPU;4426816;0.197139;2.24553e+07;6825.3;149702;1;1
NanoVDB_GPU;4426816;0.0859141;5.15261e+07;20610.4;736087;256;256
OpenVDB;4959529;0.43477;1.14072e+07;3467.24;76048.2;1;1
NanoVDB_CPU;4959529;0.292452;1.69584e+07;5154.54;113056;1;1
NanoVDB_GPU;4959529;0.095561;5.18991e+07;20759.6;741415;256;256
OpenVDB;5555449;0.374086;1.48507e+07;4513.9;99004.9;1;1
NanoVDB_CPU;5555449;0.228203;2.43444e+07;7399.5;162296;1;1
NanoVDB_GPU;5555449;0.107361;5.17455e+07;20698.2;739221;256;256
OpenVDB;6225025;0.571503;1.08924e+07;3310.75;72615.8;1;1
NanoVDB_CPU;6225025;0.365001;1.70548e+07;5183.84;113699;1;1
NanoVDB_GPU;6225025;0.118376;5.25867e+07;21034.7;751238;256;256
OpenVDB;6974881;0.417884;1.6691e+07;5073.24;111273;1;1
NanoVDB_CPU;6974881;0.395271;1.76458e+07;5363.47;117639;1;1
NanoVDB_GPU;6974881;0.134709;5.17775e+07;20711;739678;256;256
OpenVDB;7817616;0.665002;1.17558e+07;3573.19;78371.9;1;1
NanoVDB_CPU;7817616;0.408072;1.91574e+07;5822.93;127716;1;1
NanoVDB_GPU;7817616;0.151015;5.1767e+07;20706.8;739529;256;256
OpenVDB;8755681;0.632809;1.38362e+07;4205.54;92241.5;1;1
NanoVDB_CPU;8755681;0.389054;2.2505e+07;6840.43;150034;1;1
NanoVDB_GPU;8755681;0.149675;5.84978e+07;23399.1;835682;256;256
OpenVDB;9809424;0.807973;1.21408e+07;3690.21;80938.5;1;1
NanoVDB_CPU;9809424;0.438628;2.23639e+07;6797.53;149092;1;1
NanoVDB_GPU;9809424;0.18929;5.18222e+07;20728.9;740317;256;256
OpenVDB;10995856;0.662643;1.65939e+07;5043.75;110626;1;1
NanoVDB_CPU;10995856;0.488939;2.24892e+07;6835.63;149928;1;1
NanoVDB_GPU;10995856;0.202245;5.43691e+07;21747.6;776701;256;256
OpenVDB;12320100;0.925778;1.33078e+07;4044.93;88718.9;1;1
NanoVDB_CPU;12320100;0.634103;1.94292e+07;5905.53;129528;1;1
NanoVDB_GPU;12320100;0.226208;5.44637e+07;21785.5;778052;256;256
OpenVDB;13801225;0.947044;1.4573e+07;4429.47;97153;1;1
NanoVDB_CPU;13801225;0.556779;2.47876e+07;7534.23;165251;1;1
NanoVDB_GPU;13801225;0.242378;5.69409e+07;22776.4;813441;256;256
OpenVDB;15460624;0.95382;1.62092e+07;4926.8;108061;1;1
NanoVDB_CPU;15460624;0.688628;2.24514e+07;6824.12;149676;1;1
NanoVDB_GPU;15460624;0.277898;5.56341e+07;22253.6;794773;256;256
OpenVDB;17330569;1.42694;1.21453e+07;3691.58;80968.7;1;1
NanoVDB_CPU;17330569;0.921137;1.88143e+07;5718.64;125429;1;1
NanoVDB_GPU;17330569;0.253142;6.84618e+07;27384.7;978026;256;256
OpenVDB;19412836;1.55596;1.24765e+07;3792.24;83176.4;1;1
NanoVDB_CPU;19412836;1.1565;1.67859e+07;5102.09;111906;1;1
NanoVDB_GPU;19412836;0.272443;7.12547e+07;28501.9;1.01792e+06;256;256
OpenVDB;21752896;1.77739;1.22386e+07;3719.95;81591;1;1
NanoVDB_CPU;21752896;1.39779;1.55623e+07;4730.18;103749;1;1
NanoVDB_GPU;21752896;0.303652;7.16375e+07;28655;1.02339e+06;256;256
OpenVDB;24373969;1.50967;1.61452e+07;4907.36;107635;1;1
NanoVDB_CPU;24373969;0.959679;2.5398e+07;7719.77;169320;1;1
NanoVDB_GPU;24373969;0.330663;7.37125e+07;29485;1.05304e+06;256;256
OpenVDB;27311076;2.08605;1.30923e+07;3979.41;87281.8;1;1
NanoVDB_CPU;27311076;1.30287;2.09622e+07;6371.5;139748;1;1
NanoVDB_GPU;27311076;0.354605;7.70182e+07;30807.3;1.10026e+06;256;256
OpenVDB;30603024;2.17819;1.40498e+07;4270.45;93665.1;1;1
NanoVDB_CPU;30603024;1.53016;1.99999e+07;6078.98;133332;1;1
NanoVDB_GPU;30603024;0.402628;7.60081e+07;30403.3;1.08583e+06;256;256
OpenVDB;34281025;2.22992;1.53732e+07;4672.72;102488;1;1
NanoVDB_CPU;34281025;1.32892;2.57961e+07;7840.77;171974;1;1
NanoVDB_GPU;34281025;0.437421;7.83709e+07;31348.3;1.11958e+06;256;256
OpenVDB;38415204;2.72839;1.40798e+07;4279.58;93865.5;1;1
NanoVDB_CPU;38415204;1.4792;2.59703e+07;7893.71;173135;1;1
NanoVDB_GPU;38415204;0.49851;7.70601e+07;30824;1.10086e+06;256;256
OpenVDB;43033600;3.55025;1.21213e+07;3684.28;80808.5;1;1
NanoVDB_CPU;43033600;1.81048;2.37692e+07;7224.69;158462;1;1
NanoVDB_GPU;43033600;0.514696;8.36098e+07;33443.9;1.19443e+06;256;256
OpenVDB;48219136;3.38885;1.42287e+07;4324.85;94858.3;1;1
NanoVDB_CPU;48219136;1.99496;2.41704e+07;7346.64;161136;1;1
NanoVDB_GPU;48219136;0.553314;8.71461e+07;34858.5;1.24494e+06;256;256
OpenVDB;54037201;3.68277;1.4673e+07;4459.88;97820;1;1
NanoVDB_CPU;54037201;2.20337;2.45248e+07;7454.35;163499;1;1
NanoVDB_GPU;54037201;0.603781;8.94979e+07;35799.2;1.27854e+06;256;256
OpenVDB;60543961;3.76763;1.60695e+07;4884.35;107130;1;1
NanoVDB_CPU;60543961;3.53089;1.71469e+07;5211.83;114313;1;1
NanoVDB_GPU;60543961;0.646346;9.36711e+07;37468.4;1.33816e+06;256;256
OpenVDB;67831696;4.29751;1.57839e+07;4797.55;105226;1;1
NanoVDB_CPU;67831696;3.06618;2.21226e+07;6724.18;147484;1;1
NanoVDB_GPU;67831696;0.745311;9.10112e+07;36404.5;1.30016e+06;256;256
OpenVDB;76003524;5.61984;1.35241e+07;4110.68;90160.9;1;1
NanoVDB_CPU;76003524;3.70777;2.04984e+07;6230.52;136656;1;1
NanoVDB_GPU;76003524;0.790595;9.61346e+07;38453.8;1.37335e+06;256;256
OpenVDB;85155984;5.60294;1.51984e+07;4619.59;101323;1;1
NanoVDB_CPU;85155984;3.58823;2.3732e+07;7213.37;158213;1;1
NanoVDB_GPU;85155984;0.907145;9.38725e+07;37549;1.34104e+06;256;256
OpenVDB;95413824;6.08354;1.56839e+07;4767.15;104560;1;1
NanoVDB_CPU;95413824;3.7257;2.56096e+07;7784.08;170731;1;1
NanoVDB_GPU;95413824;0.999856;9.54276e+07;38171;1.36325e+06;256;256
OpenVDB;106894921;6.53889;1.63476e+07;4968.86;108984;1;1
NanoVDB_CPU;106894921;4.74501;2.25278e+07;6847.37;150186;1;1
NanoVDB_GPU;106894921;1.07668;9.92817e+07;39712.7;1.41831e+06;256;256
OpenVDB;119771136;7.96203;1.50428e+07;4572.28;100285;1;1
NanoVDB_CPU;119771136;5.34316;2.24158e+07;6813.31;149439;1;1
NanoVDB_GPU;119771136;1.2464;9.60935e+07;38437.4;1.37276e+06;256;256
